/*
Navicat MySQL Data Transfer

Source Server         : docker
Source Server Version : 80003
Source Host           : localhost:3306
Source Database       : laravel_bbs

Target Server Type    : MYSQL
Target Server Version : 80003
File Encoding         : 65001

Date: 2018-02-08 17:38:31
*/

SET FOREIGN_KEY_CHECKS=0;

-- ----------------------------
-- Table structure for categories
-- ----------------------------
DROP TABLE IF EXISTS `categories`;
CREATE TABLE `categories` (
  `id` int(10) unsigned NOT NULL AUTO_INCREMENT,
  `name` varchar(255) COLLATE utf8mb4_unicode_ci NOT NULL COMMENT '名称',
  `description` text COLLATE utf8mb4_unicode_ci COMMENT '描述',
  `post_count` int(11) NOT NULL DEFAULT '0' COMMENT '帖子数',
  `created_at` timestamp NULL DEFAULT NULL,
  `updated_at` timestamp NULL DEFAULT NULL,
  PRIMARY KEY (`id`),
  KEY `categories_name_index` (`name`)
) ENGINE=InnoDB AUTO_INCREMENT=6 DEFAULT CHARSET=utf8mb4 COLLATE=utf8mb4_unicode_ci;

-- ----------------------------
-- Records of categories
-- ----------------------------
INSERT INTO `categories` VALUES ('1', '分享', '分享创造，分享发现', '0', null, null);
INSERT INTO `categories` VALUES ('2', '教程', '开发技巧、推荐扩展包等', '0', null, null);
INSERT INTO `categories` VALUES ('3', '问答', '请保持友善，互帮互助', '0', null, null);
INSERT INTO `categories` VALUES ('4', '公告', '站点公告', '0', null, null);

-- ----------------------------
-- Table structure for links
-- ----------------------------
DROP TABLE IF EXISTS `links`;
CREATE TABLE `links` (
  `id` int(10) unsigned NOT NULL AUTO_INCREMENT,
  `title` varchar(255) COLLATE utf8mb4_unicode_ci NOT NULL COMMENT '资源的描述',
  `link` varchar(255) COLLATE utf8mb4_unicode_ci NOT NULL COMMENT '资源的链接',
  `created_at` timestamp NULL DEFAULT NULL,
  `updated_at` timestamp NULL DEFAULT NULL,
  PRIMARY KEY (`id`),
  KEY `links_title_index` (`title`),
  KEY `links_link_index` (`link`)
) ENGINE=InnoDB AUTO_INCREMENT=7 DEFAULT CHARSET=utf8mb4 COLLATE=utf8mb4_unicode_ci;

-- ----------------------------
-- Records of links
-- ----------------------------
INSERT INTO `links` VALUES ('1', 'Dr. Glenda Von', 'http://www.koss.com/eius-magni-debitis-inventore-alias-numquam-aperiam', null, null);
INSERT INTO `links` VALUES ('2', 'Dora Waelchi', 'http://okuneva.com/', null, null);
INSERT INTO `links` VALUES ('3', 'Malinda Connelly', 'http://www.corkery.info/asperiores-voluptas-ab-qui-quod', null, null);
INSERT INTO `links` VALUES ('4', 'Luella Ward', 'http://www.kessler.net/iure-reprehenderit-numquam-harum-laboriosam-iure-laboriosam-nam-minus', null, null);
INSERT INTO `links` VALUES ('5', 'Dayton Osinski', 'http://www.vandervort.org/ipsa-corrupti-non-quasi-voluptate-soluta-et', null, null);
INSERT INTO `links` VALUES ('6', 'testing', 'https://www.terry.com/sed-placeat-explicabo-ut-praesentium-aspernatur', null, '2018-02-08 13:10:38');

-- ----------------------------
-- Table structure for migrations
-- ----------------------------
DROP TABLE IF EXISTS `migrations`;
CREATE TABLE `migrations` (
  `id` int(10) unsigned NOT NULL AUTO_INCREMENT,
  `migration` varchar(255) COLLATE utf8mb4_unicode_ci NOT NULL,
  `batch` int(11) NOT NULL,
  PRIMARY KEY (`id`)
) ENGINE=InnoDB AUTO_INCREMENT=17 DEFAULT CHARSET=utf8mb4 COLLATE=utf8mb4_unicode_ci;

-- ----------------------------
-- Records of migrations
-- ----------------------------
INSERT INTO `migrations` VALUES ('1', '2014_10_12_000000_create_users_table', '1');
INSERT INTO `migrations` VALUES ('2', '2014_10_12_100000_create_password_resets_table', '1');
INSERT INTO `migrations` VALUES ('3', '2018_02_01_145612_add_avatar_and_introduction_to_users_table', '2');
INSERT INTO `migrations` VALUES ('4', '2018_02_01_182923_create_categories_table', '3');
INSERT INTO `migrations` VALUES ('5', '2018_02_01_183418_seed_categories_data', '4');
INSERT INTO `migrations` VALUES ('6', '2018_02_02_113329_create_topics_table', '5');
INSERT INTO `migrations` VALUES ('7', '2018_02_05_121102_create_replies_table', '6');
INSERT INTO `migrations` VALUES ('8', '2018_02_06_160502_create_notifications_table', '7');
INSERT INTO `migrations` VALUES ('9', '2018_02_06_161027_add_notification_count_to_users_table', '8');
INSERT INTO `migrations` VALUES ('13', '2018_02_07_155547_create_permission_tables', '9');
INSERT INTO `migrations` VALUES ('14', '2018_02_07_160330_seed_roles_and_permissions_data', '10');
INSERT INTO `migrations` VALUES ('15', '2018_02_08_123715_create_links_table', '11');
INSERT INTO `migrations` VALUES ('16', '2018_02_08_164524_add_last_actived_at_to_users_table', '12');

-- ----------------------------
-- Table structure for model_has_permissions
-- ----------------------------
DROP TABLE IF EXISTS `model_has_permissions`;
CREATE TABLE `model_has_permissions` (
  `permission_id` int(10) unsigned NOT NULL,
  `model_id` int(10) unsigned NOT NULL,
  `model_type` varchar(255) COLLATE utf8mb4_unicode_ci NOT NULL,
  PRIMARY KEY (`permission_id`,`model_id`,`model_type`),
  KEY `model_has_permissions_model_id_model_type_index` (`model_id`,`model_type`),
  CONSTRAINT `model_has_permissions_permission_id_foreign` FOREIGN KEY (`permission_id`) REFERENCES `permissions` (`id`) ON DELETE CASCADE
) ENGINE=InnoDB DEFAULT CHARSET=utf8mb4 COLLATE=utf8mb4_unicode_ci;

-- ----------------------------
-- Records of model_has_permissions
-- ----------------------------

-- ----------------------------
-- Table structure for model_has_roles
-- ----------------------------
DROP TABLE IF EXISTS `model_has_roles`;
CREATE TABLE `model_has_roles` (
  `role_id` int(10) unsigned NOT NULL,
  `model_id` int(10) unsigned NOT NULL,
  `model_type` varchar(255) COLLATE utf8mb4_unicode_ci NOT NULL,
  PRIMARY KEY (`role_id`,`model_id`,`model_type`),
  KEY `model_has_roles_model_id_model_type_index` (`model_id`,`model_type`),
  CONSTRAINT `model_has_roles_role_id_foreign` FOREIGN KEY (`role_id`) REFERENCES `roles` (`id`) ON DELETE CASCADE
) ENGINE=InnoDB DEFAULT CHARSET=utf8mb4 COLLATE=utf8mb4_unicode_ci;

-- ----------------------------
-- Records of model_has_roles
-- ----------------------------
INSERT INTO `model_has_roles` VALUES ('1', '1', 'App\\Models\\User');
INSERT INTO `model_has_roles` VALUES ('1', '13', 'App\\Models\\User');
INSERT INTO `model_has_roles` VALUES ('2', '14', 'App\\Models\\User');

-- ----------------------------
-- Table structure for notifications
-- ----------------------------
DROP TABLE IF EXISTS `notifications`;
CREATE TABLE `notifications` (
  `id` char(36) COLLATE utf8mb4_unicode_ci NOT NULL,
  `type` varchar(255) COLLATE utf8mb4_unicode_ci NOT NULL,
  `notifiable_id` int(10) unsigned NOT NULL,
  `notifiable_type` varchar(255) COLLATE utf8mb4_unicode_ci NOT NULL,
  `data` text COLLATE utf8mb4_unicode_ci NOT NULL,
  `read_at` timestamp NULL DEFAULT NULL,
  `created_at` timestamp NULL DEFAULT NULL,
  `updated_at` timestamp NULL DEFAULT NULL,
  PRIMARY KEY (`id`),
  KEY `notifications_notifiable_id_notifiable_type_index` (`notifiable_id`,`notifiable_type`)
) ENGINE=InnoDB DEFAULT CHARSET=utf8mb4 COLLATE=utf8mb4_unicode_ci;

-- ----------------------------
-- Records of notifications
-- ----------------------------
INSERT INTO `notifications` VALUES ('525e8612-bf76-427f-b015-2a8e0cb3214e', 'App\\Notifications\\TopicReplied', '20', 'App\\Models\\User', '{\"reply_id\":1037,\"reply_content\":\"<p>\\u6d4b\\u8bd5\\u8bc4\\u4ef7<\\/p>\",\"user_id\":13,\"user_name\":\"totoro\",\"user_avatar\":\"http:\\/\\/bbs.test\\/uploads\\/images\\/avatar\\/201802\\/02\\/\\/13_1517562289_MbvigydPUB.png\",\"topic_link\":\"http:\\/\\/bbs.test\\/topics\\/34?#reply1037\",\"topic_id\":34,\"topic_title\":\"Nam ipsam aut praesentium omnis qui voluptas.\"}', null, '2018-02-07 11:18:49', '2018-02-07 11:18:49');
INSERT INTO `notifications` VALUES ('5e86f544-56d3-4966-aa27-c5701ff36cd4', 'App\\Notifications\\TopicReplied', '20', 'App\\Models\\User', '{\"reply_id\":1034,\"reply_content\":\"<p>\\u6d4b\\u8bd5\\u8bc4\\u4ef7<\\/p>\",\"user_id\":13,\"user_name\":\"totoro\",\"user_avatar\":\"http:\\/\\/bbs.test\\/uploads\\/images\\/avatar\\/201802\\/02\\/\\/13_1517562289_MbvigydPUB.png\",\"topic_link\":\"http:\\/\\/bbs.test\\/topics\\/34?#reply1034\",\"topic_id\":34,\"topic_title\":\"Nam ipsam aut praesentium omnis qui voluptas.\"}', null, '2018-02-07 11:07:43', '2018-02-07 11:07:43');
INSERT INTO `notifications` VALUES ('7ed26505-bdf1-44d2-983b-0a496f95f79b', 'App\\Notifications\\TopicReplied', '13', 'App\\Models\\User', '{\"reply_id\":1006,\"reply_content\":\"<p>\\u65b0\\u5efa\\u8bdd\\u9898\\u65b0\\u5efa\\u8bdd\\u9898\\u65b0\\u5efa\\u8bdd\\u9898<\\/p>\",\"user_id\":14,\"user_name\":\"Tommie Hilll Jr.\",\"user_avatar\":\"http:\\/\\/bbs.test\\/uploads\\/images\\/avatar\\/201802\\/02\\/\\/13_1517562289_MbvigydPUB.png\",\"topic_link\":\"http:\\/\\/bbs.test\\/topics\\/104\\/slug-xin-jian-hua-ti?#reply\",\"topic_id\":104,\"topic_title\":\"slug\\u65b0\\u5efa\\u8bdd\\u9898\"}', null, '2018-02-06 16:55:28', '2018-02-06 16:55:28');
INSERT INTO `notifications` VALUES ('9ab017d8-5074-4188-a6e4-0b71d2ae0c86', 'App\\Notifications\\TopicReplied', '20', 'App\\Models\\User', '{\"reply_id\":1039,\"reply_content\":\"<p>us et omnis qui dolores modi.<\\/p>\",\"user_id\":13,\"user_name\":\"totoro\",\"user_avatar\":\"http:\\/\\/bbs.test\\/uploads\\/images\\/avatar\\/201802\\/02\\/\\/13_1517562289_MbvigydPUB.png\",\"topic_link\":\"http:\\/\\/bbs.test\\/topics\\/34?#reply1039\",\"topic_id\":34,\"topic_title\":\"Nam ipsam aut praesentium omnis qui voluptas.\"}', null, '2018-02-07 12:12:31', '2018-02-07 12:12:31');
INSERT INTO `notifications` VALUES ('9fb67ab2-ac02-46d2-835c-a6ef11d41104', 'App\\Notifications\\TopicReplied', '20', 'App\\Models\\User', '{\"reply_id\":1038,\"reply_content\":\"<p>\\u6d4b\\u8bd5\\u6d4b\\u8bd5\\u6d4b\\u8bd5<\\/p>\",\"user_id\":13,\"user_name\":\"totoro\",\"user_avatar\":\"http:\\/\\/bbs.test\\/uploads\\/images\\/avatar\\/201802\\/02\\/\\/13_1517562289_MbvigydPUB.png\",\"topic_link\":\"http:\\/\\/bbs.test\\/topics\\/34?#reply1038\",\"topic_id\":34,\"topic_title\":\"Nam ipsam aut praesentium omnis qui voluptas.\"}', null, '2018-02-07 12:08:48', '2018-02-07 12:08:48');
INSERT INTO `notifications` VALUES ('a86d88b6-3fab-43d1-bc33-af671d457c7c', 'App\\Notifications\\TopicReplied', '20', 'App\\Models\\User', '{\"reply_id\":1036,\"reply_content\":\"<p>\\u6d4b\\u8bd5\\u8bc4\\u4ef7\\u6d4b\\u8bd5\\u8bc4\\u4ef7<\\/p>\",\"user_id\":13,\"user_name\":\"totoro\",\"user_avatar\":\"http:\\/\\/bbs.test\\/uploads\\/images\\/avatar\\/201802\\/02\\/\\/13_1517562289_MbvigydPUB.png\",\"topic_link\":\"http:\\/\\/bbs.test\\/topics\\/34?#reply1036\",\"topic_id\":34,\"topic_title\":\"Nam ipsam aut praesentium omnis qui voluptas.\"}', null, '2018-02-07 11:09:22', '2018-02-07 11:09:22');
INSERT INTO `notifications` VALUES ('b5cc8783-41df-439c-a89e-187a41a5ef3e', 'App\\Notifications\\TopicReplied', '13', 'App\\Models\\User', '{\"reply_id\":1007,\"reply_content\":\"<p>slug\\u65b0\\u5efa\\u8bdd\\u9898slug\\u65b0\\u5efa\\u8bdd\\u9898slug\\u65b0\\u5efa\\u8bdd\\u9898<\\/p>\",\"user_id\":14,\"user_name\":\"Tommie Hilll Jr.\",\"user_avatar\":\"http:\\/\\/bbs.test\\/uploads\\/images\\/avatar\\/201802\\/02\\/\\/13_1517562289_MbvigydPUB.png\",\"topic_link\":\"http:\\/\\/bbs.test\\/topics\\/104\\/slug-xin-jian-hua-ti?#reply1007\",\"topic_id\":104,\"topic_title\":\"slug\\u65b0\\u5efa\\u8bdd\\u9898\"}', null, '2018-02-06 16:58:53', '2018-02-06 16:58:53');

-- ----------------------------
-- Table structure for password_resets
-- ----------------------------
DROP TABLE IF EXISTS `password_resets`;
CREATE TABLE `password_resets` (
  `email` varchar(255) COLLATE utf8mb4_unicode_ci NOT NULL,
  `token` varchar(255) COLLATE utf8mb4_unicode_ci NOT NULL,
  `created_at` timestamp NULL DEFAULT NULL,
  KEY `password_resets_email_index` (`email`)
) ENGINE=InnoDB DEFAULT CHARSET=utf8mb4 COLLATE=utf8mb4_unicode_ci;

-- ----------------------------
-- Records of password_resets
-- ----------------------------

-- ----------------------------
-- Table structure for permissions
-- ----------------------------
DROP TABLE IF EXISTS `permissions`;
CREATE TABLE `permissions` (
  `id` int(10) unsigned NOT NULL AUTO_INCREMENT,
  `name` varchar(255) COLLATE utf8mb4_unicode_ci NOT NULL,
  `guard_name` varchar(255) COLLATE utf8mb4_unicode_ci NOT NULL,
  `created_at` timestamp NULL DEFAULT NULL,
  `updated_at` timestamp NULL DEFAULT NULL,
  PRIMARY KEY (`id`)
) ENGINE=InnoDB AUTO_INCREMENT=4 DEFAULT CHARSET=utf8mb4 COLLATE=utf8mb4_unicode_ci;

-- ----------------------------
-- Records of permissions
-- ----------------------------
INSERT INTO `permissions` VALUES ('1', 'manage_contents', 'web', '2018-02-07 16:05:18', '2018-02-07 16:05:18');
INSERT INTO `permissions` VALUES ('2', 'manage_user', 'web', '2018-02-07 16:05:18', '2018-02-07 16:05:18');
INSERT INTO `permissions` VALUES ('3', 'manage_settings', 'web', '2018-02-07 16:05:18', '2018-02-07 16:05:18');

-- ----------------------------
-- Table structure for replies
-- ----------------------------
DROP TABLE IF EXISTS `replies`;
CREATE TABLE `replies` (
  `id` int(10) unsigned NOT NULL AUTO_INCREMENT,
  `topic_id` int(10) unsigned NOT NULL DEFAULT '0',
  `user_id` int(10) unsigned NOT NULL DEFAULT '0',
  `content` text COLLATE utf8mb4_unicode_ci NOT NULL,
  `created_at` timestamp NULL DEFAULT NULL,
  `updated_at` timestamp NULL DEFAULT NULL,
  PRIMARY KEY (`id`),
  KEY `replies_topic_id_index` (`topic_id`),
  KEY `replies_user_id_index` (`user_id`)
) ENGINE=InnoDB AUTO_INCREMENT=1040 DEFAULT CHARSET=utf8mb4 COLLATE=utf8mb4_unicode_ci;

-- ----------------------------
-- Records of replies
-- ----------------------------
INSERT INTO `replies` VALUES ('1', '92', '23', 'Atque sint dolor expedita inventore.', '2018-01-31 19:32:06', '2018-01-31 19:32:06');
INSERT INTO `replies` VALUES ('2', '23', '24', 'Sequi cupiditate doloremque nostrum vero quasi dolor.', '2018-01-20 15:24:26', '2018-01-20 15:24:26');
INSERT INTO `replies` VALUES ('3', '57', '20', 'Ut ratione veniam consequatur et et corporis.', '2018-01-12 05:26:26', '2018-01-12 05:26:26');
INSERT INTO `replies` VALUES ('4', '14', '29', 'Eligendi officiis mollitia sapiente ratione.', '2018-01-30 09:24:12', '2018-01-30 09:24:12');
INSERT INTO `replies` VALUES ('5', '60', '30', 'Cupiditate impedit totam impedit.', '2018-01-22 07:43:05', '2018-01-22 07:43:05');
INSERT INTO `replies` VALUES ('6', '3', '19', 'Voluptas ipsam ut occaecati magnam qui dolores in.', '2018-01-29 14:00:03', '2018-01-29 14:00:03');
INSERT INTO `replies` VALUES ('7', '51', '23', 'Doloremque exercitationem consequatur suscipit eum atque molestiae dolores.', '2018-01-18 14:25:12', '2018-01-18 14:25:12');
INSERT INTO `replies` VALUES ('8', '99', '29', 'Et quasi impedit est repellendus fuga commodi.', '2018-01-21 20:54:56', '2018-01-21 20:54:56');
INSERT INTO `replies` VALUES ('9', '55', '26', 'Fuga aut eos laudantium ullam dolore aliquam amet eveniet.', '2018-01-15 09:21:46', '2018-01-15 09:21:46');
INSERT INTO `replies` VALUES ('10', '102', '25', 'Omnis iusto quo magni dolorum illo non dolores inventore.', '2018-01-12 12:03:10', '2018-01-12 12:03:10');
INSERT INTO `replies` VALUES ('11', '96', '19', 'Ut excepturi dolor earum molestiae corrupti sed.', '2018-01-12 14:47:09', '2018-01-12 14:47:09');
INSERT INTO `replies` VALUES ('12', '73', '16', 'Vel aliquam dicta beatae reiciendis unde.', '2018-01-14 07:13:45', '2018-01-14 07:13:45');
INSERT INTO `replies` VALUES ('13', '49', '24', 'Tempore similique voluptatem culpa.', '2018-01-31 13:16:35', '2018-01-31 13:16:35');
INSERT INTO `replies` VALUES ('14', '63', '30', 'Excepturi ut facilis enim eaque minus laudantium non.', '2018-01-12 21:05:56', '2018-01-12 21:05:56');
INSERT INTO `replies` VALUES ('15', '30', '27', 'Quidem et quibusdam sed quod.', '2018-01-14 05:13:59', '2018-01-14 05:13:59');
INSERT INTO `replies` VALUES ('16', '74', '31', 'Sit ea et fugit sequi quia.', '2018-01-13 23:43:19', '2018-01-13 23:43:19');
INSERT INTO `replies` VALUES ('17', '31', '32', 'Quam adipisci dicta consequatur est et temporibus est et.', '2018-01-28 09:20:29', '2018-01-28 09:20:29');
INSERT INTO `replies` VALUES ('18', '60', '19', 'Est tenetur culpa fugit aut eligendi impedit itaque.', '2018-01-20 17:40:13', '2018-01-20 17:40:13');
INSERT INTO `replies` VALUES ('19', '97', '26', 'Enim suscipit vero dolorem rerum.', '2018-01-08 14:35:48', '2018-01-08 14:35:48');
INSERT INTO `replies` VALUES ('20', '36', '26', 'Animi consequatur fuga est id voluptas.', '2018-01-21 05:06:20', '2018-01-21 05:06:20');
INSERT INTO `replies` VALUES ('22', '59', '31', 'A non nesciunt quo corrupti quae eligendi.', '2018-01-09 04:20:01', '2018-01-09 04:20:01');
INSERT INTO `replies` VALUES ('23', '11', '21', 'Beatae repellat porro similique deleniti quis quibusdam.', '2018-01-28 20:23:50', '2018-01-28 20:23:50');
INSERT INTO `replies` VALUES ('25', '62', '15', 'Repellendus vel aut nemo ipsum voluptas.', '2018-01-16 19:15:15', '2018-01-16 19:15:15');
INSERT INTO `replies` VALUES ('26', '96', '23', 'Aut consequatur eaque eos.', '2018-01-27 02:55:24', '2018-01-27 02:55:24');
INSERT INTO `replies` VALUES ('27', '98', '24', 'Nesciunt impedit at modi distinctio ut.', '2018-01-20 09:33:11', '2018-01-20 09:33:11');
INSERT INTO `replies` VALUES ('28', '56', '23', 'Illum aliquid et facere exercitationem.', '2018-01-10 00:28:38', '2018-01-10 00:28:38');
INSERT INTO `replies` VALUES ('29', '53', '20', 'Qui temporibus deleniti et quam.', '2018-01-11 17:45:31', '2018-01-11 17:45:31');
INSERT INTO `replies` VALUES ('30', '67', '25', 'Vitae dolore iure ipsum aut natus accusantium explicabo.', '2018-01-30 23:35:35', '2018-01-30 23:35:35');
INSERT INTO `replies` VALUES ('31', '51', '25', 'Error corrupti est rem neque aut ea.', '2018-01-21 10:31:31', '2018-01-21 10:31:31');
INSERT INTO `replies` VALUES ('32', '77', '21', 'Autem fuga optio tenetur laudantium suscipit omnis ullam.', '2018-01-17 07:38:47', '2018-01-17 07:38:47');
INSERT INTO `replies` VALUES ('33', '41', '15', 'Est minima non temporibus praesentium ducimus.', '2018-01-06 14:56:21', '2018-01-06 14:56:21');
INSERT INTO `replies` VALUES ('34', '1', '25', 'Ut quidem doloribus consequatur distinctio quis.', '2018-01-11 17:27:18', '2018-01-11 17:27:18');
INSERT INTO `replies` VALUES ('35', '30', '30', 'Iste incidunt est ut.', '2018-02-01 12:54:13', '2018-02-01 12:54:13');
INSERT INTO `replies` VALUES ('36', '57', '28', 'Porro reiciendis sunt cumque quod laborum dolorem cupiditate.', '2018-02-02 23:55:17', '2018-02-02 23:55:17');
INSERT INTO `replies` VALUES ('37', '82', '22', 'Neque iure vero numquam eaque quisquam nemo et et.', '2018-01-06 14:24:00', '2018-01-06 14:24:00');
INSERT INTO `replies` VALUES ('38', '94', '19', 'Sapiente ut neque quia quibusdam ducimus quia qui.', '2018-01-25 20:55:31', '2018-01-25 20:55:31');
INSERT INTO `replies` VALUES ('39', '101', '26', 'Sunt esse ut earum qui ipsam.', '2018-01-23 05:20:06', '2018-01-23 05:20:06');
INSERT INTO `replies` VALUES ('41', '22', '21', 'Sequi et est rem itaque distinctio libero.', '2018-01-07 11:12:23', '2018-01-07 11:12:23');
INSERT INTO `replies` VALUES ('42', '23', '20', 'Aut aliquam et consequuntur totam amet.', '2018-01-31 16:15:35', '2018-01-31 16:15:35');
INSERT INTO `replies` VALUES ('43', '97', '23', 'Nesciunt esse sequi beatae non.', '2018-02-03 18:31:47', '2018-02-03 18:31:47');
INSERT INTO `replies` VALUES ('44', '93', '29', 'In libero dolorum enim voluptas temporibus.', '2018-01-22 11:43:23', '2018-01-22 11:43:23');
INSERT INTO `replies` VALUES ('45', '5', '19', 'Sed commodi dignissimos quam incidunt et.', '2018-01-11 06:56:00', '2018-01-11 06:56:00');
INSERT INTO `replies` VALUES ('46', '5', '22', 'Dolore nostrum et amet atque ea.', '2018-01-26 09:05:08', '2018-01-26 09:05:08');
INSERT INTO `replies` VALUES ('48', '82', '31', 'Rem fuga accusamus iure laudantium.', '2018-01-28 03:43:10', '2018-01-28 03:43:10');
INSERT INTO `replies` VALUES ('49', '100', '16', 'Ut voluptatem assumenda aliquid officiis ex suscipit.', '2018-01-15 16:50:19', '2018-01-15 16:50:19');
INSERT INTO `replies` VALUES ('50', '100', '13', 'Molestiae aspernatur commodi officiis repudiandae.', '2018-01-29 14:28:08', '2018-01-29 14:28:08');
INSERT INTO `replies` VALUES ('51', '55', '28', 'Sed dolores quia adipisci consequatur.', '2018-01-16 12:17:36', '2018-01-16 12:17:36');
INSERT INTO `replies` VALUES ('52', '10', '19', 'Quia consequuntur nulla ea excepturi.', '2018-01-25 04:01:09', '2018-01-25 04:01:09');
INSERT INTO `replies` VALUES ('53', '49', '16', 'Nostrum dolores alias adipisci praesentium.', '2018-01-08 01:00:33', '2018-01-08 01:00:33');
INSERT INTO `replies` VALUES ('54', '18', '19', 'Autem mollitia sit consequatur.', '2018-01-10 00:20:54', '2018-01-10 00:20:54');
INSERT INTO `replies` VALUES ('55', '72', '25', 'Vero non provident blanditiis.', '2018-01-23 01:10:59', '2018-01-23 01:10:59');
INSERT INTO `replies` VALUES ('56', '40', '26', 'Perspiciatis tempore eligendi aut ipsum.', '2018-01-21 15:57:45', '2018-01-21 15:57:45');
INSERT INTO `replies` VALUES ('57', '32', '17', 'Consectetur excepturi labore velit est cum sit qui iusto.', '2018-01-11 07:56:32', '2018-01-11 07:56:32');
INSERT INTO `replies` VALUES ('58', '67', '26', 'Consequatur recusandae cumque sed ut adipisci repellat neque maxime.', '2018-01-30 13:15:20', '2018-01-30 13:15:20');
INSERT INTO `replies` VALUES ('59', '59', '14', 'Ipsum aut qui enim harum eum.', '2018-01-05 17:37:24', '2018-01-05 17:37:24');
INSERT INTO `replies` VALUES ('60', '8', '30', 'Possimus nobis beatae qui est distinctio qui.', '2018-01-31 12:29:40', '2018-01-31 12:29:40');
INSERT INTO `replies` VALUES ('61', '26', '24', 'Amet et placeat neque voluptatibus.', '2018-01-24 02:50:19', '2018-01-24 02:50:19');
INSERT INTO `replies` VALUES ('62', '78', '28', 'Voluptatum est numquam est et.', '2018-01-30 12:49:55', '2018-01-30 12:49:55');
INSERT INTO `replies` VALUES ('63', '100', '22', 'Pariatur et consequuntur rerum voluptatem ut quibusdam autem ipsum.', '2018-01-19 10:18:17', '2018-01-19 10:18:17');
INSERT INTO `replies` VALUES ('64', '88', '25', 'Sint est architecto et aut ullam totam perspiciatis possimus.', '2018-01-30 17:12:29', '2018-01-30 17:12:29');
INSERT INTO `replies` VALUES ('65', '10', '13', 'Minus ut consectetur facere voluptatem.', '2018-01-08 07:12:53', '2018-01-08 07:12:53');
INSERT INTO `replies` VALUES ('66', '60', '22', 'Ipsam veritatis aperiam voluptatum incidunt maiores porro sint.', '2018-01-26 10:53:08', '2018-01-26 10:53:08');
INSERT INTO `replies` VALUES ('67', '31', '25', 'Nihil quo pariatur aliquam et vel veniam omnis expedita.', '2018-01-11 06:29:02', '2018-01-11 06:29:02');
INSERT INTO `replies` VALUES ('68', '32', '25', 'Consequuntur nostrum quam id.', '2018-01-20 19:12:09', '2018-01-20 19:12:09');
INSERT INTO `replies` VALUES ('69', '75', '17', 'A nesciunt sapiente molestiae exercitationem consequatur consequuntur aliquam.', '2018-01-31 13:38:22', '2018-01-31 13:38:22');
INSERT INTO `replies` VALUES ('70', '3', '29', 'Eum et ipsa necessitatibus rerum aut.', '2018-01-18 19:14:59', '2018-01-18 19:14:59');
INSERT INTO `replies` VALUES ('71', '81', '21', 'Aspernatur nesciunt hic ad tempore hic eligendi.', '2018-01-13 09:41:55', '2018-01-13 09:41:55');
INSERT INTO `replies` VALUES ('72', '50', '17', 'Porro fugiat asperiores cum.', '2018-01-29 02:19:00', '2018-01-29 02:19:00');
INSERT INTO `replies` VALUES ('73', '14', '24', 'Qui ab voluptatem repellat.', '2018-01-08 10:56:41', '2018-01-08 10:56:41');
INSERT INTO `replies` VALUES ('74', '52', '32', 'Totam quae quasi quis incidunt.', '2018-01-18 12:22:04', '2018-01-18 12:22:04');
INSERT INTO `replies` VALUES ('75', '55', '17', 'Alias asperiores ut saepe reiciendis.', '2018-01-14 14:06:29', '2018-01-14 14:06:29');
INSERT INTO `replies` VALUES ('76', '32', '27', 'Animi iste ad consequuntur praesentium nulla pariatur iure.', '2018-01-26 13:23:50', '2018-01-26 13:23:50');
INSERT INTO `replies` VALUES ('77', '87', '32', 'Omnis culpa dolorum ut vel.', '2018-01-29 02:04:53', '2018-01-29 02:04:53');
INSERT INTO `replies` VALUES ('78', '71', '20', 'Recusandae explicabo ullam non esse.', '2018-01-31 14:13:15', '2018-01-31 14:13:15');
INSERT INTO `replies` VALUES ('79', '81', '18', 'Cupiditate odio delectus error et aut sed atque.', '2018-01-21 02:50:33', '2018-01-21 02:50:33');
INSERT INTO `replies` VALUES ('80', '75', '22', 'Et blanditiis ratione non ipsam ipsa amet.', '2018-02-02 08:59:25', '2018-02-02 08:59:25');
INSERT INTO `replies` VALUES ('81', '42', '26', 'At ex perspiciatis illum laudantium debitis consequatur maiores.', '2018-01-19 13:18:03', '2018-01-19 13:18:03');
INSERT INTO `replies` VALUES ('82', '62', '19', 'Nihil qui labore suscipit.', '2018-01-22 09:06:48', '2018-01-22 09:06:48');
INSERT INTO `replies` VALUES ('83', '96', '20', 'Consectetur pariatur illum fugiat ipsa sunt et.', '2018-02-05 00:59:31', '2018-02-05 00:59:31');
INSERT INTO `replies` VALUES ('84', '80', '29', 'Error consectetur ut quam ratione impedit voluptatem quibusdam voluptatem.', '2018-02-03 01:54:34', '2018-02-03 01:54:34');
INSERT INTO `replies` VALUES ('85', '43', '29', 'Facilis fugiat iusto et ut accusantium iste non.', '2018-01-25 21:36:09', '2018-01-25 21:36:09');
INSERT INTO `replies` VALUES ('86', '1', '25', 'Repudiandae autem qui et accusamus.', '2018-01-24 07:38:23', '2018-01-24 07:38:23');
INSERT INTO `replies` VALUES ('87', '3', '31', 'Corrupti numquam magni qui quasi tempora reprehenderit et.', '2018-01-18 16:16:49', '2018-01-18 16:16:49');
INSERT INTO `replies` VALUES ('88', '84', '19', 'Debitis molestiae voluptas id.', '2018-01-16 18:14:14', '2018-01-16 18:14:14');
INSERT INTO `replies` VALUES ('89', '26', '20', 'Ipsam nostrum nihil qui ea.', '2018-01-30 13:49:29', '2018-01-30 13:49:29');
INSERT INTO `replies` VALUES ('90', '92', '28', 'Dolores culpa in quasi eius perferendis.', '2018-01-16 21:44:04', '2018-01-16 21:44:04');
INSERT INTO `replies` VALUES ('91', '56', '16', 'Cum accusamus quis dolorem iusto.', '2018-01-25 07:38:22', '2018-01-25 07:38:22');
INSERT INTO `replies` VALUES ('92', '85', '13', 'Et blanditiis blanditiis asperiores officia impedit aut corporis.', '2018-02-01 21:09:47', '2018-02-01 21:09:47');
INSERT INTO `replies` VALUES ('93', '45', '15', 'Vero provident voluptas incidunt.', '2018-01-16 18:03:22', '2018-01-16 18:03:22');
INSERT INTO `replies` VALUES ('94', '99', '32', 'Eaque sit vel consequatur nihil.', '2018-01-09 06:18:29', '2018-01-09 06:18:29');
INSERT INTO `replies` VALUES ('95', '54', '14', 'Optio quo voluptatem facere id ipsam similique.', '2018-01-21 19:45:02', '2018-01-21 19:45:02');
INSERT INTO `replies` VALUES ('96', '53', '20', 'Vero optio ut molestiae reiciendis qui.', '2018-01-31 01:17:15', '2018-01-31 01:17:15');
INSERT INTO `replies` VALUES ('98', '75', '27', 'Assumenda molestiae totam dolorem quasi.', '2018-01-27 18:37:21', '2018-01-27 18:37:21');
INSERT INTO `replies` VALUES ('99', '68', '31', 'Quia facere nihil ratione aut quibusdam quia voluptatum.', '2018-01-08 04:51:22', '2018-01-08 04:51:22');
INSERT INTO `replies` VALUES ('100', '26', '13', 'Qui enim aut in ut quis.', '2018-01-23 09:47:40', '2018-01-23 09:47:40');
INSERT INTO `replies` VALUES ('101', '74', '23', 'Voluptatem cupiditate sed voluptas quo eum voluptas accusamus.', '2018-01-21 16:01:48', '2018-01-21 16:01:48');
INSERT INTO `replies` VALUES ('102', '43', '21', 'Ab ipsa voluptatem est eum distinctio.', '2018-01-10 12:04:29', '2018-01-10 12:04:29');
INSERT INTO `replies` VALUES ('103', '4', '18', 'Inventore tempora non quas velit.', '2018-01-23 01:31:31', '2018-01-23 01:31:31');
INSERT INTO `replies` VALUES ('104', '46', '32', 'Qui magni minima et consequuntur enim sint fugit.', '2018-01-25 05:36:15', '2018-01-25 05:36:15');
INSERT INTO `replies` VALUES ('105', '27', '29', 'Esse quo dolorum reprehenderit est.', '2018-01-15 06:35:11', '2018-01-15 06:35:11');
INSERT INTO `replies` VALUES ('106', '33', '20', 'A eos ea ullam omnis iusto libero ullam.', '2018-01-26 18:30:10', '2018-01-26 18:30:10');
INSERT INTO `replies` VALUES ('107', '102', '32', 'Fugiat est veritatis repudiandae velit.', '2018-02-03 21:02:15', '2018-02-03 21:02:15');
INSERT INTO `replies` VALUES ('108', '100', '27', 'Aut et cumque officia ipsum qui sint.', '2018-01-29 17:22:34', '2018-01-29 17:22:34');
INSERT INTO `replies` VALUES ('109', '57', '31', 'Iste perspiciatis maxime temporibus voluptate quia eos.', '2018-02-03 04:33:50', '2018-02-03 04:33:50');
INSERT INTO `replies` VALUES ('110', '23', '23', 'Est optio modi nemo veritatis et consequatur.', '2018-01-29 02:33:48', '2018-01-29 02:33:48');
INSERT INTO `replies` VALUES ('111', '63', '19', 'Veniam est quia ab vel quasi ratione assumenda.', '2018-01-17 15:04:12', '2018-01-17 15:04:12');
INSERT INTO `replies` VALUES ('112', '13', '15', 'Tempora non tenetur et est accusantium pariatur unde.', '2018-01-08 18:05:23', '2018-01-08 18:05:23');
INSERT INTO `replies` VALUES ('113', '72', '29', 'Eum autem beatae inventore earum aliquam.', '2018-01-23 01:36:11', '2018-01-23 01:36:11');
INSERT INTO `replies` VALUES ('114', '82', '29', 'Qui aliquam ut ad magnam ea.', '2018-01-08 11:14:43', '2018-01-08 11:14:43');
INSERT INTO `replies` VALUES ('115', '35', '25', 'Aut est voluptatum distinctio libero fugiat quia.', '2018-01-16 08:41:30', '2018-01-16 08:41:30');
INSERT INTO `replies` VALUES ('116', '6', '27', 'Eum quia non exercitationem expedita qui cumque non.', '2018-01-13 03:43:48', '2018-01-13 03:43:48');
INSERT INTO `replies` VALUES ('117', '100', '24', 'Omnis assumenda sequi quas a impedit impedit aut.', '2018-01-11 12:34:23', '2018-01-11 12:34:23');
INSERT INTO `replies` VALUES ('118', '67', '16', 'At sed non porro rerum.', '2018-01-12 12:45:23', '2018-01-12 12:45:23');
INSERT INTO `replies` VALUES ('119', '66', '29', 'Illo aut voluptate nostrum molestiae.', '2018-02-03 14:23:23', '2018-02-03 14:23:23');
INSERT INTO `replies` VALUES ('120', '21', '22', 'Similique repudiandae quidem error deleniti veniam.', '2018-01-19 00:57:38', '2018-01-19 00:57:38');
INSERT INTO `replies` VALUES ('121', '29', '28', 'Enim quisquam inventore numquam delectus.', '2018-01-16 18:15:26', '2018-01-16 18:15:26');
INSERT INTO `replies` VALUES ('122', '40', '24', 'Dolorum fugiat dolorem dolor nostrum vel hic nihil.', '2018-01-10 18:18:26', '2018-01-10 18:18:26');
INSERT INTO `replies` VALUES ('123', '9', '32', 'Aliquid nesciunt asperiores quasi facilis adipisci.', '2018-02-02 15:28:13', '2018-02-02 15:28:13');
INSERT INTO `replies` VALUES ('124', '10', '20', 'Et eos dolorem consequatur voluptas sunt omnis occaecati molestiae.', '2018-01-08 14:41:49', '2018-01-08 14:41:49');
INSERT INTO `replies` VALUES ('125', '97', '15', 'Fuga iure esse consequatur laudantium possimus eos.', '2018-01-22 09:29:19', '2018-01-22 09:29:19');
INSERT INTO `replies` VALUES ('126', '12', '21', 'Molestiae magni aspernatur sequi nisi velit delectus.', '2018-01-31 11:25:37', '2018-01-31 11:25:37');
INSERT INTO `replies` VALUES ('127', '93', '21', 'Voluptatibus suscipit quam quo soluta error.', '2018-01-06 00:59:23', '2018-01-06 00:59:23');
INSERT INTO `replies` VALUES ('128', '24', '19', 'Voluptatem omnis maxime quod et.', '2018-01-24 11:35:01', '2018-01-24 11:35:01');
INSERT INTO `replies` VALUES ('129', '34', '14', 'Libero quia quis quia natus.', '2018-01-20 01:28:19', '2018-01-20 01:28:19');
INSERT INTO `replies` VALUES ('130', '99', '32', 'In placeat aut ea consectetur et ipsam.', '2018-01-07 20:58:59', '2018-01-07 20:58:59');
INSERT INTO `replies` VALUES ('131', '2', '24', 'Perferendis esse velit consectetur.', '2018-01-29 04:16:17', '2018-01-29 04:16:17');
INSERT INTO `replies` VALUES ('132', '79', '15', 'Sint doloribus quasi est voluptatem et nulla.', '2018-01-15 05:58:00', '2018-01-15 05:58:00');
INSERT INTO `replies` VALUES ('133', '56', '27', 'Perspiciatis illo vel aut asperiores qui.', '2018-01-22 08:33:56', '2018-01-22 08:33:56');
INSERT INTO `replies` VALUES ('134', '19', '23', 'Ipsa aut nam fuga est dolorem.', '2018-01-20 11:59:55', '2018-01-20 11:59:55');
INSERT INTO `replies` VALUES ('135', '34', '21', 'Aut consectetur deleniti ea sunt.', '2018-01-25 10:59:10', '2018-01-25 10:59:10');
INSERT INTO `replies` VALUES ('136', '62', '28', 'Voluptate eaque quaerat debitis saepe sapiente rerum tempora.', '2018-01-16 09:28:54', '2018-01-16 09:28:54');
INSERT INTO `replies` VALUES ('137', '27', '30', 'Quo quia accusamus commodi sed.', '2018-02-02 20:39:05', '2018-02-02 20:39:05');
INSERT INTO `replies` VALUES ('138', '45', '22', 'Eius recusandae eaque temporibus vitae totam.', '2018-01-06 00:03:49', '2018-01-06 00:03:49');
INSERT INTO `replies` VALUES ('139', '6', '21', 'Ut harum qui qui laudantium.', '2018-01-23 20:37:41', '2018-01-23 20:37:41');
INSERT INTO `replies` VALUES ('140', '56', '32', 'Porro cumque et illum quia dicta libero mollitia.', '2018-01-26 00:42:51', '2018-01-26 00:42:51');
INSERT INTO `replies` VALUES ('141', '82', '16', 'Voluptatum aut officiis illo rerum eos eligendi.', '2018-02-03 08:33:02', '2018-02-03 08:33:02');
INSERT INTO `replies` VALUES ('142', '13', '30', 'Atque aperiam atque odit dolore quasi rerum molestiae doloremque.', '2018-02-03 18:24:41', '2018-02-03 18:24:41');
INSERT INTO `replies` VALUES ('143', '23', '13', 'Repellendus reiciendis id ipsam laborum.', '2018-01-12 08:38:44', '2018-01-12 08:38:44');
INSERT INTO `replies` VALUES ('144', '49', '27', 'Modi non natus eveniet asperiores accusantium voluptas.', '2018-02-01 20:44:47', '2018-02-01 20:44:47');
INSERT INTO `replies` VALUES ('145', '45', '32', 'Ipsum similique doloribus quia corrupti dolor.', '2018-01-24 12:06:31', '2018-01-24 12:06:31');
INSERT INTO `replies` VALUES ('146', '61', '21', 'Molestiae asperiores voluptas ex.', '2018-01-31 06:54:34', '2018-01-31 06:54:34');
INSERT INTO `replies` VALUES ('147', '50', '20', 'Sit nemo consequatur qui deserunt.', '2018-01-07 02:07:03', '2018-01-07 02:07:03');
INSERT INTO `replies` VALUES ('148', '37', '29', 'Sunt sapiente explicabo qui pariatur saepe nulla.', '2018-02-01 20:43:19', '2018-02-01 20:43:19');
INSERT INTO `replies` VALUES ('149', '5', '22', 'Libero ut facere aut possimus voluptatem.', '2018-01-27 06:03:21', '2018-01-27 06:03:21');
INSERT INTO `replies` VALUES ('150', '65', '16', 'Sunt minus qui natus et.', '2018-01-18 16:45:58', '2018-01-18 16:45:58');
INSERT INTO `replies` VALUES ('151', '88', '27', 'Et modi beatae libero perferendis.', '2018-01-12 05:23:11', '2018-01-12 05:23:11');
INSERT INTO `replies` VALUES ('152', '5', '15', 'Aperiam et explicabo autem molestiae.', '2018-01-29 07:34:07', '2018-01-29 07:34:07');
INSERT INTO `replies` VALUES ('153', '5', '31', 'Beatae et voluptatem tempora modi corporis.', '2018-01-19 00:33:47', '2018-01-19 00:33:47');
INSERT INTO `replies` VALUES ('154', '1', '14', 'Explicabo quidem sint fugiat soluta et non.', '2018-01-06 15:58:23', '2018-01-06 15:58:23');
INSERT INTO `replies` VALUES ('155', '100', '16', 'Sed ea sit vel nobis sit.', '2018-01-10 17:18:15', '2018-01-10 17:18:15');
INSERT INTO `replies` VALUES ('156', '23', '13', 'Qui iure ratione ea.', '2018-02-04 22:42:58', '2018-02-04 22:42:58');
INSERT INTO `replies` VALUES ('157', '55', '29', 'Odit enim et eum mollitia quibusdam eum.', '2018-01-26 11:00:55', '2018-01-26 11:00:55');
INSERT INTO `replies` VALUES ('158', '48', '27', 'Beatae modi ut earum quis et.', '2018-01-17 00:35:36', '2018-01-17 00:35:36');
INSERT INTO `replies` VALUES ('159', '66', '31', 'Aut temporibus vel voluptates cumque dolores esse.', '2018-01-20 11:26:32', '2018-01-20 11:26:32');
INSERT INTO `replies` VALUES ('160', '72', '22', 'Nihil asperiores voluptas eos nostrum.', '2018-01-12 10:41:00', '2018-01-12 10:41:00');
INSERT INTO `replies` VALUES ('161', '63', '19', 'Consequatur tempora qui et neque.', '2018-01-13 06:33:00', '2018-01-13 06:33:00');
INSERT INTO `replies` VALUES ('162', '72', '27', 'Aut corporis libero laboriosam voluptas natus.', '2018-02-02 08:16:40', '2018-02-02 08:16:40');
INSERT INTO `replies` VALUES ('163', '18', '17', 'Quos dolor laborum aut quasi molestiae.', '2018-01-13 01:17:05', '2018-01-13 01:17:05');
INSERT INTO `replies` VALUES ('164', '16', '19', 'Beatae facilis corrupti optio tempora quas.', '2018-01-24 10:00:11', '2018-01-24 10:00:11');
INSERT INTO `replies` VALUES ('165', '23', '32', 'Consequatur debitis sunt voluptas exercitationem voluptatibus.', '2018-01-10 23:06:14', '2018-01-10 23:06:14');
INSERT INTO `replies` VALUES ('166', '92', '27', 'Aut ducimus id ut sapiente quos.', '2018-01-06 03:38:29', '2018-01-06 03:38:29');
INSERT INTO `replies` VALUES ('167', '2', '26', 'Sit molestiae at eligendi accusamus magnam.', '2018-01-10 17:33:50', '2018-01-10 17:33:50');
INSERT INTO `replies` VALUES ('168', '42', '32', 'Hic et cupiditate mollitia.', '2018-02-02 02:02:38', '2018-02-02 02:02:38');
INSERT INTO `replies` VALUES ('169', '91', '24', 'Soluta consequatur ad hic quis omnis.', '2018-02-01 00:29:54', '2018-02-01 00:29:54');
INSERT INTO `replies` VALUES ('170', '81', '29', 'Dolor est quisquam sint sequi dicta provident.', '2018-01-18 09:38:44', '2018-01-18 09:38:44');
INSERT INTO `replies` VALUES ('171', '91', '28', 'Voluptate quibusdam eaque aperiam et incidunt maiores et.', '2018-01-30 02:40:06', '2018-01-30 02:40:06');
INSERT INTO `replies` VALUES ('172', '99', '17', 'Omnis ut voluptate molestias totam quod eligendi totam.', '2018-01-21 00:44:00', '2018-01-21 00:44:00');
INSERT INTO `replies` VALUES ('173', '26', '29', 'Animi facere cumque quis vel.', '2018-01-26 01:56:17', '2018-01-26 01:56:17');
INSERT INTO `replies` VALUES ('174', '42', '19', 'Praesentium esse ut ut distinctio doloremque.', '2018-01-15 04:09:54', '2018-01-15 04:09:54');
INSERT INTO `replies` VALUES ('175', '62', '29', 'Fuga quos consequatur itaque aliquid.', '2018-01-13 11:59:49', '2018-01-13 11:59:49');
INSERT INTO `replies` VALUES ('176', '51', '14', 'Est magni dolore deleniti beatae vero omnis autem.', '2018-01-05 19:21:04', '2018-01-05 19:21:04');
INSERT INTO `replies` VALUES ('177', '58', '15', 'Sed et possimus expedita enim mollitia mollitia vitae rem.', '2018-01-13 00:08:30', '2018-01-13 00:08:30');
INSERT INTO `replies` VALUES ('178', '56', '23', 'Tenetur aut qui aliquam eos assumenda excepturi excepturi.', '2018-02-04 09:20:39', '2018-02-04 09:20:39');
INSERT INTO `replies` VALUES ('179', '55', '13', 'Qui est necessitatibus aut dolorem quia.', '2018-01-09 10:24:41', '2018-01-09 10:24:41');
INSERT INTO `replies` VALUES ('180', '95', '30', 'Earum et sed dignissimos omnis non quisquam impedit.', '2018-01-29 09:02:50', '2018-01-29 09:02:50');
INSERT INTO `replies` VALUES ('181', '11', '20', 'Laudantium delectus sunt debitis tempora neque.', '2018-01-19 20:39:34', '2018-01-19 20:39:34');
INSERT INTO `replies` VALUES ('182', '86', '29', 'Sit repellat est laborum blanditiis perspiciatis maxime.', '2018-01-28 19:29:25', '2018-01-28 19:29:25');
INSERT INTO `replies` VALUES ('183', '37', '15', 'Maxime nam ut voluptas qui ut delectus.', '2018-01-08 13:47:26', '2018-01-08 13:47:26');
INSERT INTO `replies` VALUES ('184', '73', '19', 'A aut dolorum enim voluptas nulla sunt sed.', '2018-01-25 13:04:02', '2018-01-25 13:04:02');
INSERT INTO `replies` VALUES ('185', '38', '17', 'Molestiae perspiciatis dolores nostrum.', '2018-02-01 17:43:21', '2018-02-01 17:43:21');
INSERT INTO `replies` VALUES ('186', '49', '25', 'Sint ullam est molestiae sint.', '2018-01-07 02:00:34', '2018-01-07 02:00:34');
INSERT INTO `replies` VALUES ('187', '72', '13', 'Soluta aut pariatur reiciendis assumenda rerum.', '2018-01-21 06:15:44', '2018-01-21 06:15:44');
INSERT INTO `replies` VALUES ('188', '20', '25', 'Saepe dicta eos sunt voluptate est sequi saepe est.', '2018-01-28 03:22:37', '2018-01-28 03:22:37');
INSERT INTO `replies` VALUES ('189', '78', '16', 'Modi vitae laudantium soluta consequatur sunt vero.', '2018-01-12 19:20:31', '2018-01-12 19:20:31');
INSERT INTO `replies` VALUES ('190', '82', '29', 'Minima id amet id amet quibusdam ad.', '2018-01-16 15:46:50', '2018-01-16 15:46:50');
INSERT INTO `replies` VALUES ('191', '36', '29', 'Ullam perspiciatis voluptatem dolorum.', '2018-02-04 17:10:11', '2018-02-04 17:10:11');
INSERT INTO `replies` VALUES ('192', '68', '13', 'Iusto eligendi autem quasi.', '2018-01-08 12:50:23', '2018-01-08 12:50:23');
INSERT INTO `replies` VALUES ('193', '27', '20', 'Temporibus ut sed qui minus.', '2018-01-16 12:12:50', '2018-01-16 12:12:50');
INSERT INTO `replies` VALUES ('194', '50', '18', 'Porro et quia magnam eaque.', '2018-01-29 04:02:59', '2018-01-29 04:02:59');
INSERT INTO `replies` VALUES ('195', '53', '27', 'Facere ut sit voluptas vel quas quas voluptates.', '2018-01-12 08:51:28', '2018-01-12 08:51:28');
INSERT INTO `replies` VALUES ('196', '15', '20', 'Ea distinctio dolor fuga.', '2018-01-12 02:25:21', '2018-01-12 02:25:21');
INSERT INTO `replies` VALUES ('197', '94', '16', 'Quaerat possimus voluptatem accusamus voluptatum.', '2018-01-12 01:14:15', '2018-01-12 01:14:15');
INSERT INTO `replies` VALUES ('198', '92', '30', 'Et sequi rerum officia reprehenderit.', '2018-01-24 09:40:27', '2018-01-24 09:40:27');
INSERT INTO `replies` VALUES ('199', '15', '27', 'Provident nam cupiditate qui fuga quas reprehenderit.', '2018-01-21 05:14:03', '2018-01-21 05:14:03');
INSERT INTO `replies` VALUES ('200', '29', '22', 'Fugiat quasi ducimus ut quia.', '2018-01-17 18:05:11', '2018-01-17 18:05:11');
INSERT INTO `replies` VALUES ('201', '42', '31', 'Impedit tenetur possimus dolorem ut earum dicta nemo hic.', '2018-01-27 16:11:37', '2018-01-27 16:11:37');
INSERT INTO `replies` VALUES ('202', '13', '19', 'Neque nulla aut enim et rerum iure.', '2018-01-13 23:52:50', '2018-01-13 23:52:50');
INSERT INTO `replies` VALUES ('203', '12', '32', 'Fuga eos recusandae est.', '2018-01-09 03:59:15', '2018-01-09 03:59:15');
INSERT INTO `replies` VALUES ('204', '81', '25', 'Ut at facilis repudiandae tempore autem dolore.', '2018-01-07 20:39:27', '2018-01-07 20:39:27');
INSERT INTO `replies` VALUES ('205', '52', '23', 'Sequi et id consequatur nesciunt et labore.', '2018-01-19 02:04:11', '2018-01-19 02:04:11');
INSERT INTO `replies` VALUES ('206', '66', '22', 'Numquam qui qui iure nemo voluptatibus blanditiis.', '2018-01-12 06:16:21', '2018-01-12 06:16:21');
INSERT INTO `replies` VALUES ('207', '4', '24', 'Sapiente debitis sunt consequuntur.', '2018-01-16 11:50:59', '2018-01-16 11:50:59');
INSERT INTO `replies` VALUES ('208', '13', '17', 'Suscipit doloribus iure illum rerum harum.', '2018-01-05 16:41:10', '2018-01-05 16:41:10');
INSERT INTO `replies` VALUES ('209', '50', '31', 'Commodi sed explicabo deserunt sunt facilis.', '2018-01-17 18:10:32', '2018-01-17 18:10:32');
INSERT INTO `replies` VALUES ('210', '62', '22', 'Est eius distinctio cupiditate dolores debitis corporis consequuntur consectetur.', '2018-01-22 07:31:26', '2018-01-22 07:31:26');
INSERT INTO `replies` VALUES ('211', '3', '32', 'Fugit officia ratione nostrum doloribus distinctio dolor.', '2018-02-04 13:45:39', '2018-02-04 13:45:39');
INSERT INTO `replies` VALUES ('212', '54', '14', 'Suscipit delectus blanditiis optio pariatur molestiae sequi provident.', '2018-01-31 12:39:09', '2018-01-31 12:39:09');
INSERT INTO `replies` VALUES ('213', '1', '23', 'Cupiditate culpa voluptas non laborum explicabo.', '2018-01-05 23:46:52', '2018-01-05 23:46:52');
INSERT INTO `replies` VALUES ('214', '81', '19', 'Nobis placeat voluptas voluptatem.', '2018-02-02 22:23:29', '2018-02-02 22:23:29');
INSERT INTO `replies` VALUES ('215', '83', '27', 'Quia et ut voluptas et esse aut necessitatibus tenetur.', '2018-01-25 23:15:18', '2018-01-25 23:15:18');
INSERT INTO `replies` VALUES ('216', '75', '14', 'Exercitationem explicabo expedita distinctio facilis.', '2018-01-25 10:52:22', '2018-01-25 10:52:22');
INSERT INTO `replies` VALUES ('217', '28', '18', 'Recusandae consequatur earum totam excepturi aut non aut maxime.', '2018-01-15 03:02:05', '2018-01-15 03:02:05');
INSERT INTO `replies` VALUES ('218', '89', '19', 'Suscipit ducimus fugiat enim quisquam enim repellat.', '2018-01-19 21:28:49', '2018-01-19 21:28:49');
INSERT INTO `replies` VALUES ('219', '28', '15', 'Reiciendis similique omnis ex omnis nobis maiores consectetur.', '2018-01-16 19:31:48', '2018-01-16 19:31:48');
INSERT INTO `replies` VALUES ('220', '94', '22', 'Perferendis totam autem in aut.', '2018-01-11 15:51:59', '2018-01-11 15:51:59');
INSERT INTO `replies` VALUES ('221', '21', '21', 'Ipsum nesciunt cumque odit quos quasi vel.', '2018-01-11 04:09:40', '2018-01-11 04:09:40');
INSERT INTO `replies` VALUES ('222', '19', '21', 'Consequatur minima ut velit molestiae dolores sapiente rerum explicabo.', '2018-01-23 15:42:06', '2018-01-23 15:42:06');
INSERT INTO `replies` VALUES ('223', '39', '27', 'Delectus eos quo possimus iste.', '2018-01-19 23:58:20', '2018-01-19 23:58:20');
INSERT INTO `replies` VALUES ('224', '25', '19', 'Modi maxime odit enim at quis amet id.', '2018-02-05 07:07:56', '2018-02-05 07:07:56');
INSERT INTO `replies` VALUES ('225', '33', '19', 'Illo enim sit autem dolor laboriosam.', '2018-02-04 20:21:18', '2018-02-04 20:21:18');
INSERT INTO `replies` VALUES ('226', '66', '30', 'Ipsum dicta sint temporibus qui incidunt quia.', '2018-01-11 07:53:55', '2018-01-11 07:53:55');
INSERT INTO `replies` VALUES ('227', '93', '24', 'Eaque eum minima iusto ut illum minima.', '2018-01-06 05:35:21', '2018-01-06 05:35:21');
INSERT INTO `replies` VALUES ('228', '66', '22', 'Molestiae doloremque quo libero.', '2018-02-04 15:34:21', '2018-02-04 15:34:21');
INSERT INTO `replies` VALUES ('229', '67', '23', 'Tenetur alias dicta repellendus cumque et.', '2018-01-13 23:43:09', '2018-01-13 23:43:09');
INSERT INTO `replies` VALUES ('230', '81', '31', 'Recusandae dolorum quidem id.', '2018-01-12 16:59:31', '2018-01-12 16:59:31');
INSERT INTO `replies` VALUES ('231', '50', '22', 'Necessitatibus quam in ea.', '2018-02-01 12:33:13', '2018-02-01 12:33:13');
INSERT INTO `replies` VALUES ('232', '97', '24', 'Corrupti eos odio sint corporis rem suscipit ut.', '2018-01-12 21:11:46', '2018-01-12 21:11:46');
INSERT INTO `replies` VALUES ('233', '23', '15', 'Voluptatem dignissimos officiis aspernatur accusamus aliquid voluptatibus.', '2018-01-08 08:37:08', '2018-01-08 08:37:08');
INSERT INTO `replies` VALUES ('234', '55', '25', 'Incidunt omnis quaerat at enim sunt ad eius.', '2018-01-17 07:31:06', '2018-01-17 07:31:06');
INSERT INTO `replies` VALUES ('236', '44', '22', 'Voluptatum excepturi perferendis unde beatae.', '2018-01-31 22:21:05', '2018-01-31 22:21:05');
INSERT INTO `replies` VALUES ('237', '94', '32', 'Impedit quam tempore cumque non et.', '2018-01-20 10:55:07', '2018-01-20 10:55:07');
INSERT INTO `replies` VALUES ('238', '39', '30', 'Maiores ut perspiciatis sunt et.', '2018-01-24 06:57:07', '2018-01-24 06:57:07');
INSERT INTO `replies` VALUES ('239', '82', '17', 'Quisquam error qui nemo ut.', '2018-01-19 04:36:09', '2018-01-19 04:36:09');
INSERT INTO `replies` VALUES ('240', '9', '20', 'Deserunt repellat soluta deserunt et et.', '2018-01-06 07:06:25', '2018-01-06 07:06:25');
INSERT INTO `replies` VALUES ('241', '42', '13', 'Dicta mollitia ipsam et voluptatem ab enim.', '2018-01-23 02:19:42', '2018-01-23 02:19:42');
INSERT INTO `replies` VALUES ('242', '2', '23', 'Minima dolores ad aut nisi.', '2018-01-19 09:11:20', '2018-01-19 09:11:20');
INSERT INTO `replies` VALUES ('243', '71', '31', 'Sunt consequatur est dolor molestiae reprehenderit temporibus recusandae.', '2018-01-26 14:17:03', '2018-01-26 14:17:03');
INSERT INTO `replies` VALUES ('244', '17', '29', 'Veritatis fugit maxime et quia error aliquid.', '2018-01-28 10:19:20', '2018-01-28 10:19:20');
INSERT INTO `replies` VALUES ('245', '40', '26', 'Accusantium necessitatibus adipisci vel et.', '2018-01-11 04:16:27', '2018-01-11 04:16:27');
INSERT INTO `replies` VALUES ('246', '93', '27', 'Quia voluptatum veniam facere.', '2018-01-22 15:14:01', '2018-01-22 15:14:01');
INSERT INTO `replies` VALUES ('247', '2', '25', 'Quae quod consequatur minus doloribus consequatur excepturi ut.', '2018-01-27 20:16:19', '2018-01-27 20:16:19');
INSERT INTO `replies` VALUES ('248', '20', '16', 'Incidunt dignissimos suscipit enim qui.', '2018-01-12 22:23:37', '2018-01-12 22:23:37');
INSERT INTO `replies` VALUES ('249', '90', '17', 'Neque corporis minus minima sit est.', '2018-02-05 07:29:11', '2018-02-05 07:29:11');
INSERT INTO `replies` VALUES ('250', '7', '24', 'Nobis officiis reprehenderit quibusdam magnam qui eum.', '2018-01-22 02:50:10', '2018-01-22 02:50:10');
INSERT INTO `replies` VALUES ('251', '3', '22', 'Rerum porro sint quia voluptas in sunt.', '2018-01-08 14:24:55', '2018-01-08 14:24:55');
INSERT INTO `replies` VALUES ('252', '73', '28', 'Nemo veritatis blanditiis aut tenetur exercitationem sunt quaerat numquam.', '2018-01-19 23:41:32', '2018-01-19 23:41:32');
INSERT INTO `replies` VALUES ('253', '76', '27', 'Quia quia aut quia tenetur nostrum perferendis et.', '2018-01-15 15:32:56', '2018-01-15 15:32:56');
INSERT INTO `replies` VALUES ('254', '51', '32', 'Nihil eligendi minus veniam reprehenderit deleniti consequatur.', '2018-02-01 09:36:09', '2018-02-01 09:36:09');
INSERT INTO `replies` VALUES ('255', '12', '29', 'Aut nam tenetur reprehenderit.', '2018-02-01 01:07:25', '2018-02-01 01:07:25');
INSERT INTO `replies` VALUES ('256', '55', '21', 'Consectetur quia occaecati quos natus voluptatibus numquam consequatur explicabo.', '2018-02-04 23:31:57', '2018-02-04 23:31:57');
INSERT INTO `replies` VALUES ('257', '86', '19', 'Sequi quo adipisci id ut sunt eos et.', '2018-01-18 01:08:25', '2018-01-18 01:08:25');
INSERT INTO `replies` VALUES ('258', '90', '18', 'Aut quidem aperiam a quasi quisquam nesciunt.', '2018-01-06 04:56:56', '2018-01-06 04:56:56');
INSERT INTO `replies` VALUES ('259', '77', '15', 'Libero sed consequatur id.', '2018-01-22 00:47:01', '2018-01-22 00:47:01');
INSERT INTO `replies` VALUES ('260', '8', '16', 'Omnis perspiciatis sit quibusdam nobis quia ducimus culpa.', '2018-01-21 18:48:26', '2018-01-21 18:48:26');
INSERT INTO `replies` VALUES ('261', '72', '26', 'Libero optio libero consequuntur.', '2018-01-10 03:22:05', '2018-01-10 03:22:05');
INSERT INTO `replies` VALUES ('262', '19', '18', 'Veritatis itaque dolores aut architecto.', '2018-01-06 09:49:28', '2018-01-06 09:49:28');
INSERT INTO `replies` VALUES ('263', '20', '22', 'Nesciunt ut a cum aliquam.', '2018-01-18 11:50:10', '2018-01-18 11:50:10');
INSERT INTO `replies` VALUES ('264', '59', '16', 'Odit nam atque aut et inventore nemo.', '2018-01-23 02:18:39', '2018-01-23 02:18:39');
INSERT INTO `replies` VALUES ('265', '49', '27', 'Quaerat velit harum suscipit officiis eligendi excepturi aut aut.', '2018-02-03 17:47:19', '2018-02-03 17:47:19');
INSERT INTO `replies` VALUES ('266', '12', '29', 'Velit incidunt eveniet non quas aut.', '2018-02-04 01:28:52', '2018-02-04 01:28:52');
INSERT INTO `replies` VALUES ('267', '102', '16', 'Ex doloribus omnis atque.', '2018-01-17 15:51:44', '2018-01-17 15:51:44');
INSERT INTO `replies` VALUES ('268', '47', '24', 'Cupiditate error aut non labore qui velit.', '2018-01-18 11:56:54', '2018-01-18 11:56:54');
INSERT INTO `replies` VALUES ('269', '27', '14', 'Nemo laudantium quisquam commodi laudantium.', '2018-01-12 04:15:02', '2018-01-12 04:15:02');
INSERT INTO `replies` VALUES ('270', '70', '25', 'Eos dignissimos id et vel aut dolor culpa.', '2018-01-15 18:59:15', '2018-01-15 18:59:15');
INSERT INTO `replies` VALUES ('271', '65', '19', 'Amet alias quaerat rerum ipsa commodi ut.', '2018-01-20 20:35:54', '2018-01-20 20:35:54');
INSERT INTO `replies` VALUES ('272', '36', '20', 'Possimus laborum eos rerum omnis amet fugiat.', '2018-01-26 07:38:00', '2018-01-26 07:38:00');
INSERT INTO `replies` VALUES ('273', '27', '18', 'Odio quae fugit quae officia excepturi dolor iure.', '2018-01-20 09:55:52', '2018-01-20 09:55:52');
INSERT INTO `replies` VALUES ('274', '87', '30', 'Consequuntur facere voluptatum qui.', '2018-02-05 02:17:43', '2018-02-05 02:17:43');
INSERT INTO `replies` VALUES ('275', '98', '26', 'Provident quas expedita vel ut nesciunt consequuntur tempora.', '2018-01-23 19:08:12', '2018-01-23 19:08:12');
INSERT INTO `replies` VALUES ('276', '95', '16', 'Quod asperiores qui velit perspiciatis.', '2018-01-29 17:52:07', '2018-01-29 17:52:07');
INSERT INTO `replies` VALUES ('277', '15', '32', 'Dolorem eligendi dolores rerum consequatur voluptatem provident fuga expedita.', '2018-01-18 15:58:07', '2018-01-18 15:58:07');
INSERT INTO `replies` VALUES ('278', '98', '30', 'Et est quia qui ipsum perspiciatis ut reprehenderit.', '2018-01-18 11:50:05', '2018-01-18 11:50:05');
INSERT INTO `replies` VALUES ('279', '27', '21', 'Voluptatibus est voluptas sit ipsa.', '2018-01-07 10:14:38', '2018-01-07 10:14:38');
INSERT INTO `replies` VALUES ('280', '77', '17', 'Quas praesentium aut rerum enim aperiam.', '2018-01-18 02:58:59', '2018-01-18 02:58:59');
INSERT INTO `replies` VALUES ('281', '102', '26', 'Ducimus qui dicta et libero veniam.', '2018-02-02 09:13:38', '2018-02-02 09:13:38');
INSERT INTO `replies` VALUES ('282', '18', '16', 'Omnis praesentium cupiditate quia ut.', '2018-01-10 22:32:01', '2018-01-10 22:32:01');
INSERT INTO `replies` VALUES ('283', '26', '15', 'Quam pariatur possimus dicta aut.', '2018-01-18 09:41:07', '2018-01-18 09:41:07');
INSERT INTO `replies` VALUES ('284', '48', '14', 'Quisquam quod quis voluptatibus laudantium et error.', '2018-01-10 09:49:34', '2018-01-10 09:49:34');
INSERT INTO `replies` VALUES ('285', '1', '14', 'Impedit et vel dolorum iure nobis.', '2018-02-03 14:13:04', '2018-02-03 14:13:04');
INSERT INTO `replies` VALUES ('286', '80', '28', 'Sunt facilis quidem possimus.', '2018-01-07 23:34:17', '2018-01-07 23:34:17');
INSERT INTO `replies` VALUES ('287', '43', '13', 'Recusandae voluptas quod voluptas enim voluptatem.', '2018-02-05 04:47:14', '2018-02-05 04:47:14');
INSERT INTO `replies` VALUES ('288', '48', '15', 'Sunt et quisquam autem fugit perspiciatis nihil optio.', '2018-01-22 11:29:32', '2018-01-22 11:29:32');
INSERT INTO `replies` VALUES ('289', '53', '24', 'Non quo tempora architecto est fuga.', '2018-01-20 03:43:23', '2018-01-20 03:43:23');
INSERT INTO `replies` VALUES ('290', '46', '22', 'Sit voluptatum voluptas a voluptatem enim.', '2018-01-10 03:30:09', '2018-01-10 03:30:09');
INSERT INTO `replies` VALUES ('291', '45', '31', 'Nostrum error vitae autem doloremque ut.', '2018-02-03 04:18:54', '2018-02-03 04:18:54');
INSERT INTO `replies` VALUES ('292', '102', '21', 'Ipsa et rem rem quia occaecati praesentium.', '2018-01-10 22:19:43', '2018-01-10 22:19:43');
INSERT INTO `replies` VALUES ('293', '101', '19', 'Numquam nesciunt laboriosam animi deserunt ab enim ut.', '2018-01-17 03:52:49', '2018-01-17 03:52:49');
INSERT INTO `replies` VALUES ('294', '31', '29', 'Ipsum consectetur voluptates ipsum.', '2018-01-09 03:12:31', '2018-01-09 03:12:31');
INSERT INTO `replies` VALUES ('295', '77', '28', 'Et et et exercitationem sed ex et iste.', '2018-01-15 15:23:12', '2018-01-15 15:23:12');
INSERT INTO `replies` VALUES ('296', '72', '15', 'Iste vel fugit ut.', '2018-01-09 12:18:02', '2018-01-09 12:18:02');
INSERT INTO `replies` VALUES ('297', '76', '21', 'Explicabo accusantium sunt repellendus tempora omnis est.', '2018-02-02 07:30:19', '2018-02-02 07:30:19');
INSERT INTO `replies` VALUES ('298', '48', '26', 'Aut enim minima consectetur facilis voluptate.', '2018-02-01 12:08:49', '2018-02-01 12:08:49');
INSERT INTO `replies` VALUES ('299', '1', '14', 'Doloribus et iusto est dolorum.', '2018-01-30 09:31:30', '2018-01-30 09:31:30');
INSERT INTO `replies` VALUES ('300', '49', '21', 'Inventore omnis praesentium perferendis eveniet cupiditate rem sit perferendis.', '2018-01-12 03:23:23', '2018-01-12 03:23:23');
INSERT INTO `replies` VALUES ('301', '79', '13', 'Animi nihil voluptatum laboriosam recusandae velit quod molestiae.', '2018-01-11 17:03:43', '2018-01-11 17:03:43');
INSERT INTO `replies` VALUES ('302', '95', '23', 'Expedita quam ipsam occaecati est veritatis commodi.', '2018-02-04 12:01:45', '2018-02-04 12:01:45');
INSERT INTO `replies` VALUES ('303', '1', '14', 'Neque repellendus exercitationem molestias quidem et quo.', '2018-02-03 10:24:27', '2018-02-03 10:24:27');
INSERT INTO `replies` VALUES ('304', '76', '21', 'Excepturi numquam consequatur id quia.', '2018-01-23 18:20:00', '2018-01-23 18:20:00');
INSERT INTO `replies` VALUES ('305', '18', '15', 'Ullam nostrum in repellendus nisi soluta ut sed.', '2018-01-06 22:21:51', '2018-01-06 22:21:51');
INSERT INTO `replies` VALUES ('306', '71', '20', 'Quo et quasi dolor aut doloribus recusandae molestias est.', '2018-01-28 11:39:44', '2018-01-28 11:39:44');
INSERT INTO `replies` VALUES ('307', '57', '19', 'Ratione amet eligendi accusantium dolores.', '2018-01-18 15:30:26', '2018-01-18 15:30:26');
INSERT INTO `replies` VALUES ('308', '29', '14', 'Minima voluptatem sunt recusandae eos.', '2018-02-01 23:16:05', '2018-02-01 23:16:05');
INSERT INTO `replies` VALUES ('309', '75', '25', 'Voluptatum ratione occaecati reprehenderit nisi eius quis atque voluptatem.', '2018-01-17 11:45:32', '2018-01-17 11:45:32');
INSERT INTO `replies` VALUES ('310', '96', '28', 'Est quo mollitia quas placeat illum ut.', '2018-02-02 14:45:59', '2018-02-02 14:45:59');
INSERT INTO `replies` VALUES ('311', '64', '19', 'Voluptatem mollitia impedit enim quidem voluptatum ut.', '2018-01-30 15:54:43', '2018-01-30 15:54:43');
INSERT INTO `replies` VALUES ('312', '16', '31', 'Quaerat cum velit suscipit recusandae.', '2018-01-23 18:21:27', '2018-01-23 18:21:27');
INSERT INTO `replies` VALUES ('313', '41', '31', 'Et vero aut ipsa delectus.', '2018-01-23 18:03:56', '2018-01-23 18:03:56');
INSERT INTO `replies` VALUES ('314', '87', '25', 'Voluptatibus itaque sit architecto error ut enim.', '2018-01-31 22:07:05', '2018-01-31 22:07:05');
INSERT INTO `replies` VALUES ('315', '63', '31', 'Velit eum qui distinctio voluptates eveniet accusamus.', '2018-01-29 17:23:24', '2018-01-29 17:23:24');
INSERT INTO `replies` VALUES ('316', '54', '16', 'Molestiae fuga at qui et qui qui occaecati.', '2018-01-06 23:47:29', '2018-01-06 23:47:29');
INSERT INTO `replies` VALUES ('317', '75', '27', 'Temporibus provident tempora dolor culpa sint.', '2018-02-03 00:11:03', '2018-02-03 00:11:03');
INSERT INTO `replies` VALUES ('318', '36', '21', 'Repudiandae et laudantium dolores cupiditate.', '2018-01-26 01:55:15', '2018-01-26 01:55:15');
INSERT INTO `replies` VALUES ('319', '15', '17', 'Velit eligendi doloremque veniam sed est iure iusto iure.', '2018-01-21 07:24:42', '2018-01-21 07:24:42');
INSERT INTO `replies` VALUES ('320', '40', '22', 'Aut unde et velit voluptatem incidunt nobis.', '2018-01-26 08:17:15', '2018-01-26 08:17:15');
INSERT INTO `replies` VALUES ('321', '58', '14', 'Animi vero rerum et reiciendis est repellendus.', '2018-01-15 08:17:15', '2018-01-15 08:17:15');
INSERT INTO `replies` VALUES ('322', '68', '23', 'Quam exercitationem ut mollitia dolores ut doloremque.', '2018-01-25 08:39:08', '2018-01-25 08:39:08');
INSERT INTO `replies` VALUES ('323', '56', '16', 'Minus nesciunt ipsam hic iusto rem vel amet.', '2018-01-30 18:53:27', '2018-01-30 18:53:27');
INSERT INTO `replies` VALUES ('324', '19', '31', 'Minus et aliquam tenetur neque exercitationem adipisci cumque.', '2018-01-24 17:20:23', '2018-01-24 17:20:23');
INSERT INTO `replies` VALUES ('325', '32', '26', 'Commodi qui exercitationem et sunt sunt cumque.', '2018-01-10 06:20:08', '2018-01-10 06:20:08');
INSERT INTO `replies` VALUES ('326', '41', '25', 'Et asperiores nobis ducimus culpa iste voluptate excepturi.', '2018-01-18 07:40:31', '2018-01-18 07:40:31');
INSERT INTO `replies` VALUES ('327', '62', '14', 'Quo quibusdam repellat iure nam.', '2018-01-16 02:30:09', '2018-01-16 02:30:09');
INSERT INTO `replies` VALUES ('328', '26', '25', 'Molestias aut et et amet totam dolorem.', '2018-01-30 03:22:07', '2018-01-30 03:22:07');
INSERT INTO `replies` VALUES ('329', '43', '16', 'Et ea distinctio adipisci doloribus est pariatur voluptatum vero.', '2018-01-25 21:18:17', '2018-01-25 21:18:17');
INSERT INTO `replies` VALUES ('330', '97', '24', 'Animi eos consequatur ea voluptas aspernatur ut.', '2018-01-19 13:28:18', '2018-01-19 13:28:18');
INSERT INTO `replies` VALUES ('331', '84', '26', 'Blanditiis nobis veritatis cum nostrum maiores.', '2018-01-23 06:55:32', '2018-01-23 06:55:32');
INSERT INTO `replies` VALUES ('332', '46', '14', 'Possimus excepturi ab nemo sit itaque.', '2018-01-07 11:33:02', '2018-01-07 11:33:02');
INSERT INTO `replies` VALUES ('333', '56', '28', 'Dolor itaque maxime temporibus.', '2018-02-01 14:52:01', '2018-02-01 14:52:01');
INSERT INTO `replies` VALUES ('334', '83', '30', 'Praesentium dolores corrupti et.', '2018-01-29 02:58:23', '2018-01-29 02:58:23');
INSERT INTO `replies` VALUES ('335', '60', '20', 'Eos hic mollitia tenetur assumenda.', '2018-01-30 14:15:46', '2018-01-30 14:15:46');
INSERT INTO `replies` VALUES ('336', '20', '15', 'Recusandae doloremque eum nobis quam est earum.', '2018-01-08 17:11:06', '2018-01-08 17:11:06');
INSERT INTO `replies` VALUES ('337', '2', '27', 'Tenetur qui dolore cupiditate rerum fugiat omnis.', '2018-01-31 19:40:01', '2018-01-31 19:40:01');
INSERT INTO `replies` VALUES ('338', '87', '22', 'Sunt fugiat officia vel inventore vero.', '2018-01-15 08:19:32', '2018-01-15 08:19:32');
INSERT INTO `replies` VALUES ('339', '48', '16', 'Est qui porro praesentium quia fugit magni est.', '2018-01-15 10:47:01', '2018-01-15 10:47:01');
INSERT INTO `replies` VALUES ('340', '93', '17', 'Ea nesciunt et quia architecto illum non cum.', '2018-01-05 20:42:45', '2018-01-05 20:42:45');
INSERT INTO `replies` VALUES ('341', '67', '18', 'Sint dicta sed omnis assumenda voluptates dolor omnis.', '2018-01-07 02:45:14', '2018-01-07 02:45:14');
INSERT INTO `replies` VALUES ('342', '18', '32', 'Nam quia tempore sint quia ea et.', '2018-02-05 07:48:17', '2018-02-05 07:48:17');
INSERT INTO `replies` VALUES ('343', '57', '25', 'Numquam sint porro cupiditate alias.', '2018-01-29 15:14:18', '2018-01-29 15:14:18');
INSERT INTO `replies` VALUES ('345', '12', '25', 'Nobis qui in dolor tempore quis voluptates qui.', '2018-01-11 11:46:43', '2018-01-11 11:46:43');
INSERT INTO `replies` VALUES ('346', '57', '20', 'Eius autem ipsa ut quae.', '2018-01-31 03:55:23', '2018-01-31 03:55:23');
INSERT INTO `replies` VALUES ('347', '62', '22', 'Asperiores possimus impedit minus qui maxime est beatae explicabo.', '2018-01-17 12:29:12', '2018-01-17 12:29:12');
INSERT INTO `replies` VALUES ('348', '69', '25', 'Quidem similique sit neque non eos.', '2018-01-17 10:34:45', '2018-01-17 10:34:45');
INSERT INTO `replies` VALUES ('349', '80', '14', 'Dolores id magni nobis.', '2018-01-22 16:08:23', '2018-01-22 16:08:23');
INSERT INTO `replies` VALUES ('350', '2', '20', 'Nisi libero nemo id non at distinctio.', '2018-01-28 19:55:37', '2018-01-28 19:55:37');
INSERT INTO `replies` VALUES ('351', '5', '16', 'Sunt expedita sed maiores aliquid sed est.', '2018-01-22 22:39:28', '2018-01-22 22:39:28');
INSERT INTO `replies` VALUES ('352', '51', '27', 'Tempora quidem itaque ab dolorem dolore laudantium exercitationem officia.', '2018-01-12 14:22:20', '2018-01-12 14:22:20');
INSERT INTO `replies` VALUES ('353', '88', '14', 'Itaque qui laudantium voluptatem quis.', '2018-02-02 12:28:05', '2018-02-02 12:28:05');
INSERT INTO `replies` VALUES ('354', '91', '16', 'Iste deserunt cupiditate nemo et omnis.', '2018-01-26 11:46:53', '2018-01-26 11:46:53');
INSERT INTO `replies` VALUES ('355', '19', '13', 'Quia sint dignissimos assumenda omnis neque necessitatibus voluptas omnis.', '2018-02-03 05:01:58', '2018-02-03 05:01:58');
INSERT INTO `replies` VALUES ('356', '37', '27', 'Aliquid perferendis repudiandae officiis id.', '2018-01-21 12:57:45', '2018-01-21 12:57:45');
INSERT INTO `replies` VALUES ('357', '61', '21', 'Ipsam enim consequuntur corrupti ut voluptatum.', '2018-01-19 05:01:47', '2018-01-19 05:01:47');
INSERT INTO `replies` VALUES ('358', '82', '14', 'Mollitia omnis quo quis mollitia.', '2018-01-06 00:56:50', '2018-01-06 00:56:50');
INSERT INTO `replies` VALUES ('359', '80', '20', 'Est harum sed et aut.', '2018-01-14 03:59:33', '2018-01-14 03:59:33');
INSERT INTO `replies` VALUES ('360', '64', '17', 'Amet earum ex eligendi a molestias sit molestiae.', '2018-01-24 15:39:33', '2018-01-24 15:39:33');
INSERT INTO `replies` VALUES ('361', '49', '15', 'Aut et ut nam modi asperiores.', '2018-01-29 12:07:16', '2018-01-29 12:07:16');
INSERT INTO `replies` VALUES ('362', '31', '15', 'Veniam doloribus rem enim architecto consectetur consequatur sit.', '2018-02-04 02:29:21', '2018-02-04 02:29:21');
INSERT INTO `replies` VALUES ('363', '13', '18', 'Iste culpa velit eius esse tenetur eaque omnis.', '2018-01-12 02:09:29', '2018-01-12 02:09:29');
INSERT INTO `replies` VALUES ('364', '96', '31', 'Dolores animi dolores eos magnam eveniet in distinctio.', '2018-01-17 11:38:07', '2018-01-17 11:38:07');
INSERT INTO `replies` VALUES ('365', '54', '25', 'Fuga itaque et aliquam nam pariatur corporis.', '2018-01-13 18:19:30', '2018-01-13 18:19:30');
INSERT INTO `replies` VALUES ('366', '17', '29', 'Odit ipsum incidunt aliquid labore.', '2018-01-13 17:40:21', '2018-01-13 17:40:21');
INSERT INTO `replies` VALUES ('367', '89', '27', 'Voluptatibus fugit aut delectus itaque labore laudantium.', '2018-01-30 01:14:15', '2018-01-30 01:14:15');
INSERT INTO `replies` VALUES ('368', '71', '26', 'Qui dicta harum et cum fugiat ut recusandae.', '2018-01-23 22:34:18', '2018-01-23 22:34:18');
INSERT INTO `replies` VALUES ('369', '4', '31', 'Aut et sit quis quo recusandae itaque voluptatem.', '2018-01-31 07:53:00', '2018-01-31 07:53:00');
INSERT INTO `replies` VALUES ('370', '27', '29', 'Quia quibusdam totam accusantium qui provident.', '2018-01-22 13:48:29', '2018-01-22 13:48:29');
INSERT INTO `replies` VALUES ('371', '32', '18', 'Velit dolore placeat aut rerum.', '2018-02-01 14:22:13', '2018-02-01 14:22:13');
INSERT INTO `replies` VALUES ('372', '90', '25', 'Repellat et suscipit non amet sit officia.', '2018-01-30 17:12:03', '2018-01-30 17:12:03');
INSERT INTO `replies` VALUES ('373', '19', '29', 'Hic omnis velit molestiae iusto enim aut et sint.', '2018-01-18 02:47:24', '2018-01-18 02:47:24');
INSERT INTO `replies` VALUES ('374', '40', '24', 'Nisi qui neque cum vel omnis in.', '2018-01-07 21:15:30', '2018-01-07 21:15:30');
INSERT INTO `replies` VALUES ('375', '97', '16', 'Temporibus ea enim nihil.', '2018-02-03 08:47:44', '2018-02-03 08:47:44');
INSERT INTO `replies` VALUES ('376', '86', '30', 'Eos ducimus est dolores ut aspernatur.', '2018-01-15 21:18:53', '2018-01-15 21:18:53');
INSERT INTO `replies` VALUES ('377', '102', '13', 'Culpa aut expedita similique tenetur excepturi ipsa dicta.', '2018-02-04 09:13:00', '2018-02-04 09:13:00');
INSERT INTO `replies` VALUES ('378', '6', '25', 'Voluptatem sequi modi nobis facilis voluptas.', '2018-01-05 14:17:32', '2018-01-05 14:17:32');
INSERT INTO `replies` VALUES ('379', '89', '29', 'Delectus iure minus expedita deleniti mollitia dolor.', '2018-01-30 20:35:31', '2018-01-30 20:35:31');
INSERT INTO `replies` VALUES ('380', '73', '20', 'Accusamus in asperiores aperiam ut quaerat voluptatem.', '2018-02-01 20:36:17', '2018-02-01 20:36:17');
INSERT INTO `replies` VALUES ('381', '53', '14', 'Porro cumque numquam cum qui molestiae repudiandae.', '2018-01-15 22:40:22', '2018-01-15 22:40:22');
INSERT INTO `replies` VALUES ('382', '71', '32', 'Non ut a quibusdam eum dolor.', '2018-01-13 12:23:13', '2018-01-13 12:23:13');
INSERT INTO `replies` VALUES ('383', '10', '13', 'Quia iste quibusdam cumque.', '2018-01-15 19:38:36', '2018-01-15 19:38:36');
INSERT INTO `replies` VALUES ('384', '30', '14', 'Qui qui sed illo perspiciatis.', '2018-01-31 00:07:45', '2018-01-31 00:07:45');
INSERT INTO `replies` VALUES ('385', '96', '13', 'Dicta vitae voluptates doloribus quia esse est.', '2018-01-11 11:25:09', '2018-01-11 11:25:09');
INSERT INTO `replies` VALUES ('386', '89', '22', 'Necessitatibus facilis nihil est animi iure quidem atque.', '2018-01-19 08:08:14', '2018-01-19 08:08:14');
INSERT INTO `replies` VALUES ('387', '62', '29', 'Ea sit corrupti expedita tempore eos dignissimos.', '2018-01-22 17:50:06', '2018-01-22 17:50:06');
INSERT INTO `replies` VALUES ('388', '83', '14', 'Totam sequi at ut est.', '2018-01-08 12:15:32', '2018-01-08 12:15:32');
INSERT INTO `replies` VALUES ('389', '56', '31', 'Odit maiores voluptate et aperiam voluptate minus sunt.', '2018-02-01 22:33:15', '2018-02-01 22:33:15');
INSERT INTO `replies` VALUES ('390', '76', '24', 'Quis cum aut omnis nam sint magnam ut.', '2018-01-26 05:40:35', '2018-01-26 05:40:35');
INSERT INTO `replies` VALUES ('391', '22', '23', 'Excepturi rerum et optio reprehenderit nemo.', '2018-02-01 19:49:08', '2018-02-01 19:49:08');
INSERT INTO `replies` VALUES ('392', '55', '13', 'Sed qui doloremque eos quae ea.', '2018-02-01 07:06:12', '2018-02-01 07:06:12');
INSERT INTO `replies` VALUES ('393', '64', '14', 'Est dolore repellendus delectus dolor quis.', '2018-01-14 03:16:37', '2018-01-14 03:16:37');
INSERT INTO `replies` VALUES ('394', '99', '20', 'In doloremque non vitae rem quasi.', '2018-01-17 07:44:41', '2018-01-17 07:44:41');
INSERT INTO `replies` VALUES ('395', '49', '19', 'Atque iusto possimus sed cum.', '2018-01-11 22:05:17', '2018-01-11 22:05:17');
INSERT INTO `replies` VALUES ('396', '59', '19', 'Iusto explicabo molestiae autem qui tenetur.', '2018-01-25 13:12:47', '2018-01-25 13:12:47');
INSERT INTO `replies` VALUES ('397', '27', '29', 'Nesciunt minus nulla corrupti dolore.', '2018-01-16 02:51:10', '2018-01-16 02:51:10');
INSERT INTO `replies` VALUES ('398', '59', '29', 'Sint et ratione ut.', '2018-01-25 14:50:51', '2018-01-25 14:50:51');
INSERT INTO `replies` VALUES ('399', '46', '16', 'Sunt facere laboriosam natus ex consequuntur.', '2018-01-14 10:19:23', '2018-01-14 10:19:23');
INSERT INTO `replies` VALUES ('400', '95', '23', 'Cupiditate beatae quaerat aspernatur porro recusandae provident.', '2018-01-07 00:12:31', '2018-01-07 00:12:31');
INSERT INTO `replies` VALUES ('401', '51', '22', 'Ut ipsa quia ad distinctio itaque et autem.', '2018-02-02 08:28:43', '2018-02-02 08:28:43');
INSERT INTO `replies` VALUES ('402', '31', '21', 'Maiores veniam a enim.', '2018-01-21 19:29:21', '2018-01-21 19:29:21');
INSERT INTO `replies` VALUES ('403', '42', '17', 'Beatae tempore voluptate enim et sint vel voluptatem.', '2018-02-04 10:13:27', '2018-02-04 10:13:27');
INSERT INTO `replies` VALUES ('404', '58', '30', 'Sed ea et consequatur iste saepe.', '2018-01-12 14:20:22', '2018-01-12 14:20:22');
INSERT INTO `replies` VALUES ('405', '91', '21', 'Similique consequatur quia voluptatem hic laudantium.', '2018-01-05 15:29:22', '2018-01-05 15:29:22');
INSERT INTO `replies` VALUES ('406', '36', '20', 'Fuga illum rem eos.', '2018-01-15 07:14:55', '2018-01-15 07:14:55');
INSERT INTO `replies` VALUES ('407', '47', '20', 'Et odit quia beatae ex et vitae et.', '2018-01-22 12:58:03', '2018-01-22 12:58:03');
INSERT INTO `replies` VALUES ('408', '42', '16', 'Veniam doloremque laudantium asperiores unde.', '2018-01-17 20:31:52', '2018-01-17 20:31:52');
INSERT INTO `replies` VALUES ('409', '38', '22', 'Odio fugiat deserunt sit quia quo eum est.', '2018-01-29 19:16:54', '2018-01-29 19:16:54');
INSERT INTO `replies` VALUES ('410', '13', '20', 'Suscipit cupiditate est enim quia nihil veritatis a.', '2018-01-13 16:42:49', '2018-01-13 16:42:49');
INSERT INTO `replies` VALUES ('411', '77', '20', 'Blanditiis eveniet itaque ad voluptatem fugiat dolorem repudiandae.', '2018-01-06 21:47:52', '2018-01-06 21:47:52');
INSERT INTO `replies` VALUES ('412', '75', '30', 'Et harum quibusdam maiores aperiam.', '2018-02-01 12:07:07', '2018-02-01 12:07:07');
INSERT INTO `replies` VALUES ('413', '49', '17', 'At nulla fugiat qui eum sapiente.', '2018-01-09 15:03:58', '2018-01-09 15:03:58');
INSERT INTO `replies` VALUES ('414', '72', '21', 'Voluptas quisquam id voluptas ducimus est sequi tempora.', '2018-02-01 22:55:27', '2018-02-01 22:55:27');
INSERT INTO `replies` VALUES ('415', '58', '24', 'Aut tempore quibusdam quo pariatur doloribus.', '2018-01-19 22:41:33', '2018-01-19 22:41:33');
INSERT INTO `replies` VALUES ('416', '20', '28', 'Laudantium accusamus maxime sunt sint repellat quibusdam.', '2018-02-04 14:15:52', '2018-02-04 14:15:52');
INSERT INTO `replies` VALUES ('417', '22', '20', 'Maxime facilis non corrupti quasi in qui est.', '2018-01-22 15:24:10', '2018-01-22 15:24:10');
INSERT INTO `replies` VALUES ('418', '46', '13', 'Velit nulla sit veniam.', '2018-02-05 08:44:51', '2018-02-05 08:44:51');
INSERT INTO `replies` VALUES ('419', '82', '25', 'Eligendi eos repellendus dolorum officia.', '2018-01-15 23:28:01', '2018-01-15 23:28:01');
INSERT INTO `replies` VALUES ('420', '5', '14', 'Suscipit cupiditate ea qui amet quas dolor harum.', '2018-01-13 15:52:35', '2018-01-13 15:52:35');
INSERT INTO `replies` VALUES ('421', '14', '14', 'Nihil enim quod earum quam.', '2018-01-20 12:57:24', '2018-01-20 12:57:24');
INSERT INTO `replies` VALUES ('422', '69', '24', 'Libero ratione ipsam a ipsam.', '2018-01-15 18:12:52', '2018-01-15 18:12:52');
INSERT INTO `replies` VALUES ('423', '26', '24', 'Nostrum laudantium qui et modi.', '2018-01-14 15:31:20', '2018-01-14 15:31:20');
INSERT INTO `replies` VALUES ('424', '26', '29', 'Porro dolores nobis ab fugiat et et quod.', '2018-01-16 08:44:43', '2018-01-16 08:44:43');
INSERT INTO `replies` VALUES ('425', '64', '15', 'Nam occaecati officia deleniti dolores soluta in unde.', '2018-01-17 08:48:32', '2018-01-17 08:48:32');
INSERT INTO `replies` VALUES ('426', '9', '29', 'Similique est fugit molestias velit dicta.', '2018-01-27 12:29:34', '2018-01-27 12:29:34');
INSERT INTO `replies` VALUES ('427', '53', '23', 'Eos perferendis accusamus consequatur iste voluptates.', '2018-01-16 05:49:03', '2018-01-16 05:49:03');
INSERT INTO `replies` VALUES ('428', '32', '29', 'Perferendis quis officiis aut sed aspernatur.', '2018-02-01 23:29:53', '2018-02-01 23:29:53');
INSERT INTO `replies` VALUES ('429', '61', '26', 'Possimus voluptatem expedita sit.', '2018-01-18 18:44:01', '2018-01-18 18:44:01');
INSERT INTO `replies` VALUES ('430', '98', '28', 'Accusantium iure dicta asperiores odio.', '2018-01-14 20:42:56', '2018-01-14 20:42:56');
INSERT INTO `replies` VALUES ('431', '90', '32', 'Et possimus explicabo molestiae qui.', '2018-01-18 10:51:09', '2018-01-18 10:51:09');
INSERT INTO `replies` VALUES ('432', '4', '31', 'Odio itaque eos et tempora.', '2018-02-02 11:49:44', '2018-02-02 11:49:44');
INSERT INTO `replies` VALUES ('433', '2', '30', 'Recusandae hic qui ut.', '2018-01-15 16:58:19', '2018-01-15 16:58:19');
INSERT INTO `replies` VALUES ('434', '14', '20', 'Maxime vero reiciendis facere sunt aliquid.', '2018-02-04 14:33:11', '2018-02-04 14:33:11');
INSERT INTO `replies` VALUES ('435', '91', '32', 'Qui voluptas occaecati impedit.', '2018-02-04 02:44:14', '2018-02-04 02:44:14');
INSERT INTO `replies` VALUES ('436', '30', '29', 'Reiciendis doloribus provident et facilis minima.', '2018-01-21 12:05:25', '2018-01-21 12:05:25');
INSERT INTO `replies` VALUES ('437', '19', '13', 'Inventore ad omnis et ea dolorem est.', '2018-01-26 06:27:13', '2018-01-26 06:27:13');
INSERT INTO `replies` VALUES ('438', '91', '16', 'Ut qui omnis repudiandae odio hic adipisci eum ut.', '2018-02-05 11:17:27', '2018-02-05 11:17:27');
INSERT INTO `replies` VALUES ('439', '34', '14', 'Provident est praesentium cumque aut.', '2018-01-31 18:50:12', '2018-01-31 18:50:12');
INSERT INTO `replies` VALUES ('440', '92', '26', 'Reprehenderit tenetur quam inventore tempore rerum natus repellat.', '2018-01-12 09:40:08', '2018-01-12 09:40:08');
INSERT INTO `replies` VALUES ('441', '57', '26', 'Enim eligendi molestiae accusantium.', '2018-02-02 20:34:07', '2018-02-02 20:34:07');
INSERT INTO `replies` VALUES ('442', '12', '17', 'Ratione laboriosam similique atque magnam aut rerum occaecati error.', '2018-01-25 15:42:21', '2018-01-25 15:42:21');
INSERT INTO `replies` VALUES ('443', '29', '15', 'Consequatur beatae aut molestiae nisi.', '2018-01-24 06:42:26', '2018-01-24 06:42:26');
INSERT INTO `replies` VALUES ('444', '32', '16', 'Iure quod alias ut deleniti id.', '2018-01-28 22:58:24', '2018-01-28 22:58:24');
INSERT INTO `replies` VALUES ('445', '8', '16', 'Quo recusandae ratione voluptatem necessitatibus.', '2018-01-08 00:50:31', '2018-01-08 00:50:31');
INSERT INTO `replies` VALUES ('446', '22', '23', 'Iure eum et aut eaque architecto maxime quos harum.', '2018-01-18 17:48:24', '2018-01-18 17:48:24');
INSERT INTO `replies` VALUES ('447', '96', '15', 'Provident ipsa nesciunt modi est iste.', '2018-01-08 12:40:03', '2018-01-08 12:40:03');
INSERT INTO `replies` VALUES ('448', '100', '26', 'Quisquam quasi illo quaerat dolor.', '2018-01-24 15:50:58', '2018-01-24 15:50:58');
INSERT INTO `replies` VALUES ('449', '77', '15', 'Aut enim a sunt beatae quae aperiam molestiae.', '2018-01-22 06:56:03', '2018-01-22 06:56:03');
INSERT INTO `replies` VALUES ('450', '64', '20', 'Ullam fuga aut nihil.', '2018-01-22 19:20:13', '2018-01-22 19:20:13');
INSERT INTO `replies` VALUES ('451', '33', '23', 'Aut sequi et architecto et iusto.', '2018-01-14 03:48:42', '2018-01-14 03:48:42');
INSERT INTO `replies` VALUES ('452', '27', '13', 'Rerum repellendus sit facilis minima nobis natus voluptas.', '2018-01-28 02:12:00', '2018-01-28 02:12:00');
INSERT INTO `replies` VALUES ('453', '2', '14', 'Sint maxime qui maxime est debitis.', '2018-01-26 20:44:12', '2018-01-26 20:44:12');
INSERT INTO `replies` VALUES ('454', '32', '16', 'Quo est quis et omnis.', '2018-01-28 13:27:56', '2018-01-28 13:27:56');
INSERT INTO `replies` VALUES ('455', '64', '19', 'Et rerum dolor itaque libero iure provident.', '2018-02-02 23:43:49', '2018-02-02 23:43:49');
INSERT INTO `replies` VALUES ('456', '73', '15', 'Officia qui qui pariatur.', '2018-01-17 10:29:40', '2018-01-17 10:29:40');
INSERT INTO `replies` VALUES ('457', '89', '15', 'Qui nobis ipsum saepe voluptates sunt ullam.', '2018-01-20 09:58:22', '2018-01-20 09:58:22');
INSERT INTO `replies` VALUES ('458', '48', '20', 'Maiores necessitatibus doloremque aut magnam.', '2018-02-05 08:53:11', '2018-02-05 08:53:11');
INSERT INTO `replies` VALUES ('459', '2', '21', 'Fugit voluptatem voluptatem sed nihil sint voluptas officia.', '2018-01-12 00:48:28', '2018-01-12 00:48:28');
INSERT INTO `replies` VALUES ('460', '101', '31', 'Libero libero nulla odio dolor et nisi.', '2018-01-18 06:09:00', '2018-01-18 06:09:00');
INSERT INTO `replies` VALUES ('461', '3', '26', 'Aut eaque corporis beatae eius nostrum sed delectus reprehenderit.', '2018-01-17 01:48:50', '2018-01-17 01:48:50');
INSERT INTO `replies` VALUES ('462', '53', '15', 'Omnis rerum neque ipsam voluptates unde et enim.', '2018-01-18 06:23:13', '2018-01-18 06:23:13');
INSERT INTO `replies` VALUES ('463', '59', '21', 'Blanditiis quia occaecati amet consequatur eveniet voluptatem.', '2018-01-30 15:52:02', '2018-01-30 15:52:02');
INSERT INTO `replies` VALUES ('464', '89', '20', 'Saepe nobis ut non saepe tempora qui.', '2018-01-06 00:47:16', '2018-01-06 00:47:16');
INSERT INTO `replies` VALUES ('465', '34', '17', 'Laboriosam iusto voluptas debitis aspernatur neque vel ut.', '2018-01-23 13:59:47', '2018-01-23 13:59:47');
INSERT INTO `replies` VALUES ('466', '43', '16', 'Sed et dolorem enim laboriosam.', '2018-01-14 12:32:01', '2018-01-14 12:32:01');
INSERT INTO `replies` VALUES ('467', '70', '31', 'Omnis sunt ex laboriosam.', '2018-01-10 12:46:02', '2018-01-10 12:46:02');
INSERT INTO `replies` VALUES ('468', '4', '16', 'Quisquam necessitatibus corporis aut pariatur atque dolorum eaque.', '2018-01-23 11:23:55', '2018-01-23 11:23:55');
INSERT INTO `replies` VALUES ('469', '89', '15', 'Atque sit possimus soluta modi a at.', '2018-01-27 11:10:01', '2018-01-27 11:10:01');
INSERT INTO `replies` VALUES ('470', '50', '24', 'Est dicta officiis et recusandae.', '2018-01-22 02:53:17', '2018-01-22 02:53:17');
INSERT INTO `replies` VALUES ('471', '80', '26', 'Praesentium tempora animi quia et aut est eaque totam.', '2018-01-12 15:59:14', '2018-01-12 15:59:14');
INSERT INTO `replies` VALUES ('472', '32', '29', 'Ipsum voluptate aut quis molestias labore quisquam.', '2018-01-23 02:16:32', '2018-01-23 02:16:32');
INSERT INTO `replies` VALUES ('473', '70', '24', 'Eum tenetur ipsum qui minus totam sequi.', '2018-01-28 20:52:23', '2018-01-28 20:52:23');
INSERT INTO `replies` VALUES ('474', '53', '19', 'Accusamus unde nisi harum quam quibusdam rerum.', '2018-02-05 04:08:57', '2018-02-05 04:08:57');
INSERT INTO `replies` VALUES ('475', '99', '15', 'Dolores distinctio corrupti non vel.', '2018-01-08 07:08:49', '2018-01-08 07:08:49');
INSERT INTO `replies` VALUES ('476', '15', '23', 'Sapiente dignissimos ut qui sit quia fuga sed.', '2018-01-21 21:15:17', '2018-01-21 21:15:17');
INSERT INTO `replies` VALUES ('477', '11', '20', 'Asperiores est cumque et eum ea modi.', '2018-01-28 16:18:55', '2018-01-28 16:18:55');
INSERT INTO `replies` VALUES ('478', '64', '26', 'Sit aut facere aut vel et aspernatur.', '2018-01-25 08:14:03', '2018-01-25 08:14:03');
INSERT INTO `replies` VALUES ('479', '67', '20', 'Sit voluptatem vel magnam eligendi error.', '2018-01-21 05:12:28', '2018-01-21 05:12:28');
INSERT INTO `replies` VALUES ('480', '84', '16', 'Provident mollitia minus et explicabo.', '2018-01-21 23:11:46', '2018-01-21 23:11:46');
INSERT INTO `replies` VALUES ('481', '91', '28', 'Tempora ut autem assumenda quam.', '2018-01-19 11:07:36', '2018-01-19 11:07:36');
INSERT INTO `replies` VALUES ('482', '33', '13', 'Necessitatibus molestias reiciendis laboriosam optio molestias ipsa accusamus porro.', '2018-01-30 20:27:11', '2018-01-30 20:27:11');
INSERT INTO `replies` VALUES ('483', '82', '13', 'Odit ea illum ratione deleniti atque.', '2018-01-13 10:53:21', '2018-01-13 10:53:21');
INSERT INTO `replies` VALUES ('484', '82', '31', 'Rerum officia pariatur quaerat dolores architecto.', '2018-02-02 12:34:23', '2018-02-02 12:34:23');
INSERT INTO `replies` VALUES ('485', '90', '20', 'Rerum hic expedita delectus at ullam.', '2018-01-18 11:01:25', '2018-01-18 11:01:25');
INSERT INTO `replies` VALUES ('486', '96', '26', 'Quis eligendi unde consequuntur quia.', '2018-01-13 16:22:45', '2018-01-13 16:22:45');
INSERT INTO `replies` VALUES ('487', '2', '15', 'Aut sed voluptatem quas velit.', '2018-01-10 06:27:42', '2018-01-10 06:27:42');
INSERT INTO `replies` VALUES ('488', '83', '28', 'Architecto cumque qui ratione.', '2018-01-06 07:26:31', '2018-01-06 07:26:31');
INSERT INTO `replies` VALUES ('489', '87', '14', 'Molestiae consequatur deserunt aut aliquid tempora.', '2018-01-27 12:54:23', '2018-01-27 12:54:23');
INSERT INTO `replies` VALUES ('490', '34', '19', 'Assumenda excepturi aspernatur atque ducimus ab maiores ea.', '2018-01-07 14:26:22', '2018-01-07 14:26:22');
INSERT INTO `replies` VALUES ('491', '20', '17', 'Quia quidem velit sunt deleniti qui quod.', '2018-01-19 16:25:22', '2018-01-19 16:25:22');
INSERT INTO `replies` VALUES ('492', '61', '16', 'Occaecati ratione consectetur aut impedit autem dicta voluptatem.', '2018-01-10 15:55:01', '2018-01-10 15:55:01');
INSERT INTO `replies` VALUES ('493', '25', '19', 'Expedita quo iste exercitationem et enim et vel eos.', '2018-01-07 13:37:14', '2018-01-07 13:37:14');
INSERT INTO `replies` VALUES ('494', '94', '14', 'Eos accusantium voluptatem occaecati harum vel quo et.', '2018-01-23 06:21:14', '2018-01-23 06:21:14');
INSERT INTO `replies` VALUES ('495', '60', '23', 'Iste blanditiis aperiam assumenda vero omnis ratione adipisci.', '2018-01-07 02:14:31', '2018-01-07 02:14:31');
INSERT INTO `replies` VALUES ('496', '47', '18', 'Reiciendis rem excepturi et.', '2018-02-02 05:04:40', '2018-02-02 05:04:40');
INSERT INTO `replies` VALUES ('497', '7', '29', 'Vero deleniti quis reiciendis quo qui mollitia.', '2018-01-31 02:25:52', '2018-01-31 02:25:52');
INSERT INTO `replies` VALUES ('498', '59', '13', 'Officiis vero officia nihil delectus autem.', '2018-01-13 20:04:23', '2018-01-13 20:04:23');
INSERT INTO `replies` VALUES ('499', '77', '17', 'Unde fuga doloremque error iure autem et.', '2018-01-10 00:10:30', '2018-01-10 00:10:30');
INSERT INTO `replies` VALUES ('500', '27', '20', 'Exercitationem dolorem sunt est velit exercitationem nulla.', '2018-01-11 04:25:10', '2018-01-11 04:25:10');
INSERT INTO `replies` VALUES ('501', '28', '17', 'Deserunt nostrum repellendus ipsam.', '2018-01-08 12:45:16', '2018-01-08 12:45:16');
INSERT INTO `replies` VALUES ('502', '65', '23', 'Sit non nostrum vel molestiae optio.', '2018-01-30 21:12:00', '2018-01-30 21:12:00');
INSERT INTO `replies` VALUES ('503', '80', '13', 'Et ipsam quae in beatae consequatur illo cumque.', '2018-01-30 12:55:57', '2018-01-30 12:55:57');
INSERT INTO `replies` VALUES ('504', '100', '18', 'Voluptatem sint nemo qui necessitatibus eos.', '2018-01-06 14:38:36', '2018-01-06 14:38:36');
INSERT INTO `replies` VALUES ('505', '33', '14', 'Consequatur aliquid hic in accusantium ea eum.', '2018-01-19 15:58:55', '2018-01-19 15:58:55');
INSERT INTO `replies` VALUES ('506', '27', '16', 'Et commodi sed ab earum nisi at doloremque.', '2018-01-17 17:59:18', '2018-01-17 17:59:18');
INSERT INTO `replies` VALUES ('507', '102', '21', 'Quis beatae et repellendus ipsam est officia.', '2018-01-09 17:10:57', '2018-01-09 17:10:57');
INSERT INTO `replies` VALUES ('508', '26', '23', 'Laborum illo culpa dolorem dolorem iusto.', '2018-01-31 05:40:07', '2018-01-31 05:40:07');
INSERT INTO `replies` VALUES ('509', '67', '25', 'Nihil minima voluptas inventore exercitationem sed adipisci corporis.', '2018-01-27 15:22:52', '2018-01-27 15:22:52');
INSERT INTO `replies` VALUES ('510', '53', '32', 'Asperiores quis doloribus dicta sequi commodi perspiciatis.', '2018-01-06 10:04:50', '2018-01-06 10:04:50');
INSERT INTO `replies` VALUES ('511', '72', '22', 'Ipsum eos harum ducimus officiis deserunt nihil quibusdam.', '2018-01-24 17:23:50', '2018-01-24 17:23:50');
INSERT INTO `replies` VALUES ('512', '3', '32', 'Aut eaque ipsa ea est.', '2018-01-15 08:34:15', '2018-01-15 08:34:15');
INSERT INTO `replies` VALUES ('513', '19', '19', 'Corporis ex nam et qui magni quod nobis amet.', '2018-01-24 01:26:29', '2018-01-24 01:26:29');
INSERT INTO `replies` VALUES ('514', '39', '15', 'Nisi maiores non voluptas ipsum dicta.', '2018-01-13 00:31:17', '2018-01-13 00:31:17');
INSERT INTO `replies` VALUES ('515', '89', '14', 'A expedita et iusto voluptatibus ullam.', '2018-02-02 02:23:26', '2018-02-02 02:23:26');
INSERT INTO `replies` VALUES ('516', '68', '16', 'Ex dolorem veritatis amet saepe recusandae.', '2018-01-17 20:16:41', '2018-01-17 20:16:41');
INSERT INTO `replies` VALUES ('517', '71', '18', 'In vel molestiae sed non et libero unde.', '2018-01-28 15:54:40', '2018-01-28 15:54:40');
INSERT INTO `replies` VALUES ('518', '5', '14', 'Porro ut non est.', '2018-01-09 21:18:38', '2018-01-09 21:18:38');
INSERT INTO `replies` VALUES ('519', '52', '28', 'Quia labore sed quae adipisci animi.', '2018-02-02 02:07:46', '2018-02-02 02:07:46');
INSERT INTO `replies` VALUES ('520', '63', '27', 'Vero eum qui voluptas consectetur.', '2018-01-13 11:11:56', '2018-01-13 11:11:56');
INSERT INTO `replies` VALUES ('521', '50', '16', 'Ut sit quia ratione facere veniam.', '2018-02-02 18:41:48', '2018-02-02 18:41:48');
INSERT INTO `replies` VALUES ('522', '98', '24', 'Exercitationem sapiente deleniti ullam consequatur rem dolores nihil.', '2018-01-12 18:27:38', '2018-01-12 18:27:38');
INSERT INTO `replies` VALUES ('523', '79', '20', 'Praesentium non omnis sint vel ex praesentium.', '2018-01-25 01:21:25', '2018-01-25 01:21:25');
INSERT INTO `replies` VALUES ('524', '71', '18', 'Et qui ea quia.', '2018-01-29 10:46:00', '2018-01-29 10:46:00');
INSERT INTO `replies` VALUES ('525', '35', '27', 'Dolorem ea vitae quod odio illo.', '2018-01-25 03:58:07', '2018-01-25 03:58:07');
INSERT INTO `replies` VALUES ('526', '65', '15', 'Architecto assumenda sequi id voluptas perferendis aut.', '2018-01-28 09:27:10', '2018-01-28 09:27:10');
INSERT INTO `replies` VALUES ('527', '36', '27', 'In dicta quo repudiandae similique deleniti eaque dignissimos tempora.', '2018-01-19 15:53:36', '2018-01-19 15:53:36');
INSERT INTO `replies` VALUES ('528', '16', '15', 'At minus provident assumenda ipsa reprehenderit officiis.', '2018-01-06 23:15:15', '2018-01-06 23:15:15');
INSERT INTO `replies` VALUES ('529', '87', '20', 'Asperiores explicabo nihil molestiae occaecati aliquid.', '2018-01-13 11:49:22', '2018-01-13 11:49:22');
INSERT INTO `replies` VALUES ('530', '66', '14', 'Quo itaque delectus velit minima.', '2018-01-18 12:05:35', '2018-01-18 12:05:35');
INSERT INTO `replies` VALUES ('531', '76', '20', 'In ex itaque blanditiis praesentium eos provident laboriosam.', '2018-02-04 10:42:34', '2018-02-04 10:42:34');
INSERT INTO `replies` VALUES ('532', '20', '28', 'Praesentium expedita ullam qui rerum fugiat.', '2018-02-03 05:01:15', '2018-02-03 05:01:15');
INSERT INTO `replies` VALUES ('533', '27', '24', 'Facere at possimus mollitia dolorum.', '2018-02-03 22:11:42', '2018-02-03 22:11:42');
INSERT INTO `replies` VALUES ('534', '37', '18', 'Veritatis veritatis rerum error molestiae consectetur aut.', '2018-01-29 13:05:56', '2018-01-29 13:05:56');
INSERT INTO `replies` VALUES ('535', '82', '15', 'Error voluptatem sit aliquam modi voluptas voluptas.', '2018-01-13 12:34:48', '2018-01-13 12:34:48');
INSERT INTO `replies` VALUES ('536', '91', '18', 'Officiis cupiditate dignissimos dolor odit.', '2018-01-29 17:49:51', '2018-01-29 17:49:51');
INSERT INTO `replies` VALUES ('537', '52', '18', 'Sequi ut sit unde modi.', '2018-02-01 08:12:12', '2018-02-01 08:12:12');
INSERT INTO `replies` VALUES ('538', '29', '21', 'Recusandae sed velit sit quos.', '2018-02-01 11:25:09', '2018-02-01 11:25:09');
INSERT INTO `replies` VALUES ('539', '95', '18', 'Cupiditate perspiciatis modi aut dolores.', '2018-01-09 23:57:30', '2018-01-09 23:57:30');
INSERT INTO `replies` VALUES ('540', '73', '22', 'Consequatur voluptas quisquam fugit facere eius est harum quia.', '2018-01-27 22:08:29', '2018-01-27 22:08:29');
INSERT INTO `replies` VALUES ('541', '97', '23', 'Veniam perspiciatis voluptatem architecto.', '2018-01-13 13:11:24', '2018-01-13 13:11:24');
INSERT INTO `replies` VALUES ('542', '76', '29', 'Autem delectus ex velit non et adipisci quidem aut.', '2018-01-27 08:03:17', '2018-01-27 08:03:17');
INSERT INTO `replies` VALUES ('543', '29', '16', 'Ea ratione ipsa et et rerum.', '2018-01-19 11:08:40', '2018-01-19 11:08:40');
INSERT INTO `replies` VALUES ('544', '88', '18', 'Aut tenetur et impedit.', '2018-01-24 14:30:14', '2018-01-24 14:30:14');
INSERT INTO `replies` VALUES ('545', '26', '22', 'Voluptas aut aut ab consequatur.', '2018-01-26 21:30:36', '2018-01-26 21:30:36');
INSERT INTO `replies` VALUES ('546', '41', '27', 'Fugit autem qui voluptatibus est sit.', '2018-01-24 16:46:38', '2018-01-24 16:46:38');
INSERT INTO `replies` VALUES ('547', '88', '31', 'Est natus dolore tempore numquam.', '2018-01-29 12:26:05', '2018-01-29 12:26:05');
INSERT INTO `replies` VALUES ('548', '7', '31', 'Et modi nobis impedit commodi blanditiis.', '2018-01-14 22:59:04', '2018-01-14 22:59:04');
INSERT INTO `replies` VALUES ('549', '43', '22', 'Voluptate quia rerum quos rem provident.', '2018-01-21 20:29:22', '2018-01-21 20:29:22');
INSERT INTO `replies` VALUES ('550', '33', '25', 'Et omnis provident in quod laboriosam itaque.', '2018-01-14 06:39:24', '2018-01-14 06:39:24');
INSERT INTO `replies` VALUES ('552', '23', '28', 'Dolorem incidunt molestiae recusandae nulla voluptate.', '2018-01-26 16:42:08', '2018-01-26 16:42:08');
INSERT INTO `replies` VALUES ('553', '55', '20', 'Amet eum eaque omnis nobis dolores vel.', '2018-01-20 17:08:36', '2018-01-20 17:08:36');
INSERT INTO `replies` VALUES ('554', '92', '31', 'Ab voluptatum non et quia fugit itaque voluptatem.', '2018-01-15 08:30:10', '2018-01-15 08:30:10');
INSERT INTO `replies` VALUES ('555', '32', '23', 'Id hic magnam facilis et quis vel.', '2018-01-27 00:15:42', '2018-01-27 00:15:42');
INSERT INTO `replies` VALUES ('556', '27', '20', 'Laborum consequuntur earum aut tenetur.', '2018-01-27 03:46:29', '2018-01-27 03:46:29');
INSERT INTO `replies` VALUES ('557', '31', '16', 'Repudiandae dolorem reprehenderit eos.', '2018-02-02 16:04:43', '2018-02-02 16:04:43');
INSERT INTO `replies` VALUES ('558', '28', '19', 'Sit consequatur ab dolorum exercitationem enim.', '2018-01-11 01:45:34', '2018-01-11 01:45:34');
INSERT INTO `replies` VALUES ('559', '85', '14', 'Sequi necessitatibus harum ipsa quam.', '2018-01-31 22:01:42', '2018-01-31 22:01:42');
INSERT INTO `replies` VALUES ('560', '35', '16', 'Quisquam officia quos dicta fugit voluptas veniam qui.', '2018-01-12 13:50:19', '2018-01-12 13:50:19');
INSERT INTO `replies` VALUES ('561', '8', '20', 'Debitis ad est modi quo enim facere illum.', '2018-01-22 06:01:54', '2018-01-22 06:01:54');
INSERT INTO `replies` VALUES ('562', '79', '14', 'Minima ea in sit ea adipisci non.', '2018-01-23 23:12:33', '2018-01-23 23:12:33');
INSERT INTO `replies` VALUES ('563', '79', '29', 'Laboriosam rerum facilis qui incidunt et natus.', '2018-02-03 03:22:10', '2018-02-03 03:22:10');
INSERT INTO `replies` VALUES ('564', '94', '14', 'Ad quia ullam magni molestiae numquam.', '2018-02-04 17:18:23', '2018-02-04 17:18:23');
INSERT INTO `replies` VALUES ('565', '79', '20', 'Aspernatur modi debitis voluptatem.', '2018-02-05 10:29:37', '2018-02-05 10:29:37');
INSERT INTO `replies` VALUES ('566', '74', '20', 'Libero facere eaque corporis est rerum sed est.', '2018-01-25 16:09:30', '2018-01-25 16:09:30');
INSERT INTO `replies` VALUES ('567', '93', '15', 'Aliquid odio cum est architecto.', '2018-01-27 17:42:56', '2018-01-27 17:42:56');
INSERT INTO `replies` VALUES ('568', '31', '25', 'Doloribus molestiae ipsum eos illum repudiandae rerum nobis.', '2018-01-29 16:19:51', '2018-01-29 16:19:51');
INSERT INTO `replies` VALUES ('569', '66', '19', 'Autem perferendis officiis esse.', '2018-02-05 10:43:42', '2018-02-05 10:43:42');
INSERT INTO `replies` VALUES ('570', '20', '32', 'Amet est nihil temporibus labore sint modi id.', '2018-01-09 01:13:37', '2018-01-09 01:13:37');
INSERT INTO `replies` VALUES ('571', '4', '29', 'Hic fuga et nihil et et qui.', '2018-01-31 10:22:31', '2018-01-31 10:22:31');
INSERT INTO `replies` VALUES ('572', '18', '13', 'Aspernatur dolores ut veniam dolor voluptatem soluta.', '2018-01-27 09:57:08', '2018-01-27 09:57:08');
INSERT INTO `replies` VALUES ('573', '32', '18', 'Tempore ex quasi et expedita laudantium expedita adipisci et.', '2018-01-26 09:11:39', '2018-01-26 09:11:39');
INSERT INTO `replies` VALUES ('574', '40', '32', 'Modi reprehenderit nam neque ipsum.', '2018-01-21 15:16:53', '2018-01-21 15:16:53');
INSERT INTO `replies` VALUES ('575', '49', '27', 'Aliquid similique aperiam voluptatem voluptatem impedit libero voluptatum consequatur.', '2018-01-19 10:34:17', '2018-01-19 10:34:17');
INSERT INTO `replies` VALUES ('576', '63', '18', 'Maxime voluptates illo rem corporis.', '2018-01-26 12:47:50', '2018-01-26 12:47:50');
INSERT INTO `replies` VALUES ('577', '56', '23', 'Eos dolores non et eveniet.', '2018-01-15 21:26:22', '2018-01-15 21:26:22');
INSERT INTO `replies` VALUES ('579', '87', '20', 'Maxime nemo ut beatae sint in voluptates qui.', '2018-01-26 10:39:32', '2018-01-26 10:39:32');
INSERT INTO `replies` VALUES ('580', '20', '31', 'Qui praesentium est ut blanditiis reprehenderit voluptas.', '2018-01-14 01:28:16', '2018-01-14 01:28:16');
INSERT INTO `replies` VALUES ('581', '75', '30', 'Voluptas ut consequatur error consectetur iure.', '2018-01-27 09:05:26', '2018-01-27 09:05:26');
INSERT INTO `replies` VALUES ('582', '24', '28', 'Sunt nihil voluptatem rem vel.', '2018-01-08 21:25:41', '2018-01-08 21:25:41');
INSERT INTO `replies` VALUES ('583', '45', '20', 'Ratione consequatur et voluptas voluptatem non ea sint.', '2018-01-12 22:36:57', '2018-01-12 22:36:57');
INSERT INTO `replies` VALUES ('584', '9', '31', 'Incidunt omnis doloribus neque unde ea.', '2018-02-01 17:26:05', '2018-02-01 17:26:05');
INSERT INTO `replies` VALUES ('585', '96', '26', 'Quia sed explicabo possimus dolor.', '2018-02-03 12:12:50', '2018-02-03 12:12:50');
INSERT INTO `replies` VALUES ('586', '81', '16', 'Atque sunt velit aperiam qui reprehenderit ea sequi.', '2018-01-07 06:48:00', '2018-01-07 06:48:00');
INSERT INTO `replies` VALUES ('587', '66', '22', 'Aperiam sed est numquam quo dolorum ut.', '2018-01-12 09:57:46', '2018-01-12 09:57:46');
INSERT INTO `replies` VALUES ('588', '37', '31', 'Modi natus quaerat et id deleniti molestiae.', '2018-01-20 23:22:58', '2018-01-20 23:22:58');
INSERT INTO `replies` VALUES ('589', '78', '18', 'Itaque ipsam eum ipsa omnis ut sed quis minus.', '2018-01-31 08:37:48', '2018-01-31 08:37:48');
INSERT INTO `replies` VALUES ('590', '41', '20', 'Nobis maiores consequuntur et quos et eos sunt.', '2018-02-05 12:43:04', '2018-02-05 12:43:04');
INSERT INTO `replies` VALUES ('591', '97', '18', 'Illum ut ullam aut culpa est nam minima.', '2018-01-14 16:16:20', '2018-01-14 16:16:20');
INSERT INTO `replies` VALUES ('592', '95', '18', 'Exercitationem officiis eius minus quos quasi est ut perspiciatis.', '2018-01-09 09:27:47', '2018-01-09 09:27:47');
INSERT INTO `replies` VALUES ('593', '82', '29', 'Delectus asperiores aut rerum esse aut qui.', '2018-02-02 04:06:43', '2018-02-02 04:06:43');
INSERT INTO `replies` VALUES ('594', '91', '22', 'Praesentium consectetur quisquam voluptas et eaque.', '2018-01-24 14:20:39', '2018-01-24 14:20:39');
INSERT INTO `replies` VALUES ('595', '98', '18', 'Deleniti dolores quis nihil nesciunt aut enim.', '2018-01-27 17:02:02', '2018-01-27 17:02:02');
INSERT INTO `replies` VALUES ('596', '91', '27', 'Alias perspiciatis delectus numquam quia consequatur possimus doloremque excepturi.', '2018-02-05 09:37:38', '2018-02-05 09:37:38');
INSERT INTO `replies` VALUES ('597', '20', '28', 'Qui et molestiae ea voluptas cupiditate qui odit.', '2018-01-27 21:55:23', '2018-01-27 21:55:23');
INSERT INTO `replies` VALUES ('598', '12', '17', 'Id esse blanditiis corrupti omnis quae.', '2018-01-23 08:53:55', '2018-01-23 08:53:55');
INSERT INTO `replies` VALUES ('599', '20', '16', 'A et eligendi enim aspernatur consequatur.', '2018-01-11 07:01:15', '2018-01-11 07:01:15');
INSERT INTO `replies` VALUES ('600', '84', '31', 'Ab explicabo rerum enim ullam alias tempore inventore.', '2018-01-07 08:21:55', '2018-01-07 08:21:55');
INSERT INTO `replies` VALUES ('601', '83', '20', 'Vel eum ratione neque velit est fugit dolorem.', '2018-01-13 16:22:53', '2018-01-13 16:22:53');
INSERT INTO `replies` VALUES ('603', '3', '29', 'Minima eos qui numquam accusantium est cumque velit.', '2018-01-07 10:31:18', '2018-01-07 10:31:18');
INSERT INTO `replies` VALUES ('604', '48', '17', 'Error dignissimos eaque aut fugit.', '2018-01-24 00:35:16', '2018-01-24 00:35:16');
INSERT INTO `replies` VALUES ('605', '64', '32', 'Deleniti et molestias sit cum delectus.', '2018-01-26 09:16:42', '2018-01-26 09:16:42');
INSERT INTO `replies` VALUES ('606', '38', '17', 'Eaque pariatur alias expedita quidem dolores dolores.', '2018-02-02 08:32:09', '2018-02-02 08:32:09');
INSERT INTO `replies` VALUES ('607', '51', '14', 'Vitae qui atque beatae et.', '2018-01-11 14:14:43', '2018-01-11 14:14:43');
INSERT INTO `replies` VALUES ('608', '19', '28', 'Qui et accusantium id maxime et dolor aliquid.', '2018-01-22 18:29:55', '2018-01-22 18:29:55');
INSERT INTO `replies` VALUES ('609', '98', '29', 'Aliquid enim ducimus veniam ut quod.', '2018-01-28 20:29:50', '2018-01-28 20:29:50');
INSERT INTO `replies` VALUES ('610', '39', '25', 'Ratione neque qui reprehenderit voluptas laudantium.', '2018-01-20 11:41:46', '2018-01-20 11:41:46');
INSERT INTO `replies` VALUES ('611', '97', '31', 'Quidem debitis mollitia nemo tempore.', '2018-01-26 08:52:45', '2018-01-26 08:52:45');
INSERT INTO `replies` VALUES ('612', '92', '14', 'Totam consequatur sit et quae.', '2018-01-18 16:49:57', '2018-01-18 16:49:57');
INSERT INTO `replies` VALUES ('613', '42', '19', 'Nulla et quis explicabo eum.', '2018-01-11 10:28:04', '2018-01-11 10:28:04');
INSERT INTO `replies` VALUES ('614', '91', '28', 'Aliquam a qui doloremque sed natus repellendus ducimus.', '2018-01-10 17:31:02', '2018-01-10 17:31:02');
INSERT INTO `replies` VALUES ('615', '7', '28', 'Eos rerum maxime earum quia.', '2018-01-22 22:31:07', '2018-01-22 22:31:07');
INSERT INTO `replies` VALUES ('616', '101', '27', 'Deserunt voluptas corrupti mollitia possimus consequatur voluptatem.', '2018-01-19 11:54:22', '2018-01-19 11:54:22');
INSERT INTO `replies` VALUES ('617', '66', '30', 'Sit placeat quae reiciendis qui molestias totam.', '2018-02-01 15:47:36', '2018-02-01 15:47:36');
INSERT INTO `replies` VALUES ('618', '78', '15', 'Sed vel qui dolor quod aut maiores.', '2018-01-22 04:49:24', '2018-01-22 04:49:24');
INSERT INTO `replies` VALUES ('619', '78', '27', 'Dolore nihil odit molestiae harum.', '2018-01-13 22:18:31', '2018-01-13 22:18:31');
INSERT INTO `replies` VALUES ('620', '102', '15', 'Voluptatem iste consequatur error quisquam.', '2018-01-31 23:34:01', '2018-01-31 23:34:01');
INSERT INTO `replies` VALUES ('621', '12', '15', 'Sunt ut ut quidem.', '2018-01-18 14:45:30', '2018-01-18 14:45:30');
INSERT INTO `replies` VALUES ('622', '84', '26', 'Magni eum repellat commodi sed.', '2018-01-21 04:02:37', '2018-01-21 04:02:37');
INSERT INTO `replies` VALUES ('623', '1', '24', 'Sint sit voluptatum accusamus cum.', '2018-01-26 00:16:38', '2018-01-26 00:16:38');
INSERT INTO `replies` VALUES ('624', '24', '28', 'Ducimus magnam autem officiis accusantium itaque eveniet.', '2018-01-10 15:58:06', '2018-01-10 15:58:06');
INSERT INTO `replies` VALUES ('625', '32', '26', 'Omnis voluptates incidunt enim.', '2018-01-20 02:53:29', '2018-01-20 02:53:29');
INSERT INTO `replies` VALUES ('626', '28', '24', 'Quia perspiciatis corrupti quia sint sunt distinctio sapiente.', '2018-01-31 18:26:34', '2018-01-31 18:26:34');
INSERT INTO `replies` VALUES ('627', '32', '24', 'Temporibus et aperiam reprehenderit dolorem nemo quo.', '2018-02-01 16:26:11', '2018-02-01 16:26:11');
INSERT INTO `replies` VALUES ('628', '12', '29', 'Quisquam reiciendis in adipisci quam.', '2018-01-31 17:38:47', '2018-01-31 17:38:47');
INSERT INTO `replies` VALUES ('629', '81', '28', 'Dolore inventore totam a distinctio consequuntur aliquid deleniti vel.', '2018-01-27 17:12:13', '2018-01-27 17:12:13');
INSERT INTO `replies` VALUES ('630', '102', '28', 'Quaerat ea exercitationem quae omnis impedit excepturi.', '2018-01-23 01:33:03', '2018-01-23 01:33:03');
INSERT INTO `replies` VALUES ('631', '32', '25', 'Voluptate architecto fugit atque non numquam.', '2018-01-09 03:54:46', '2018-01-09 03:54:46');
INSERT INTO `replies` VALUES ('632', '24', '30', 'Quia inventore iusto tempore nihil laudantium.', '2018-02-02 16:48:19', '2018-02-02 16:48:19');
INSERT INTO `replies` VALUES ('633', '46', '21', 'Laudantium qui sequi rem mollitia molestiae.', '2018-01-07 23:49:10', '2018-01-07 23:49:10');
INSERT INTO `replies` VALUES ('634', '3', '18', 'Doloremque quasi veniam pariatur ea possimus.', '2018-01-20 01:57:50', '2018-01-20 01:57:50');
INSERT INTO `replies` VALUES ('635', '27', '20', 'Tempora ut corrupti quos et.', '2018-01-12 16:08:50', '2018-01-12 16:08:50');
INSERT INTO `replies` VALUES ('636', '20', '18', 'Perspiciatis provident laborum vel explicabo dicta illo et.', '2018-01-31 20:56:29', '2018-01-31 20:56:29');
INSERT INTO `replies` VALUES ('637', '49', '14', 'Voluptate soluta vero at id sequi velit.', '2018-01-09 14:33:40', '2018-01-09 14:33:40');
INSERT INTO `replies` VALUES ('638', '87', '20', 'Qui eius distinctio corrupti corrupti nam in atque.', '2018-02-03 00:45:32', '2018-02-03 00:45:32');
INSERT INTO `replies` VALUES ('639', '23', '20', 'Sunt unde voluptatem deserunt suscipit eveniet praesentium nobis.', '2018-01-25 09:12:47', '2018-01-25 09:12:47');
INSERT INTO `replies` VALUES ('640', '71', '14', 'Tenetur repellat non veniam reprehenderit.', '2018-01-19 13:29:20', '2018-01-19 13:29:20');
INSERT INTO `replies` VALUES ('641', '67', '15', 'Ea et necessitatibus molestias consequatur voluptas.', '2018-01-31 12:53:13', '2018-01-31 12:53:13');
INSERT INTO `replies` VALUES ('642', '72', '31', 'Quia inventore architecto aut qui quasi vero veritatis.', '2018-01-11 00:56:23', '2018-01-11 00:56:23');
INSERT INTO `replies` VALUES ('643', '35', '20', 'Expedita officia exercitationem autem.', '2018-01-15 13:32:38', '2018-01-15 13:32:38');
INSERT INTO `replies` VALUES ('644', '38', '23', 'Voluptatem illo magnam beatae ut cupiditate in.', '2018-01-09 19:42:49', '2018-01-09 19:42:49');
INSERT INTO `replies` VALUES ('645', '97', '14', 'Praesentium id omnis sed eum.', '2018-01-22 00:46:18', '2018-01-22 00:46:18');
INSERT INTO `replies` VALUES ('646', '59', '19', 'Nostrum ex eos est quas.', '2018-01-23 23:51:22', '2018-01-23 23:51:22');
INSERT INTO `replies` VALUES ('647', '74', '21', 'Illo sit optio doloribus incidunt.', '2018-01-30 05:59:09', '2018-01-30 05:59:09');
INSERT INTO `replies` VALUES ('648', '44', '28', 'Repellat atque ab omnis natus excepturi odit at.', '2018-01-20 01:24:44', '2018-01-20 01:24:44');
INSERT INTO `replies` VALUES ('649', '89', '28', 'Eum quaerat fuga aut sequi quam harum nihil.', '2018-01-30 19:39:24', '2018-01-30 19:39:24');
INSERT INTO `replies` VALUES ('650', '26', '21', 'Asperiores sunt ut deserunt est numquam.', '2018-01-20 21:14:51', '2018-01-20 21:14:51');
INSERT INTO `replies` VALUES ('651', '92', '32', 'Et dicta qui blanditiis ratione.', '2018-01-12 14:29:12', '2018-01-12 14:29:12');
INSERT INTO `replies` VALUES ('652', '52', '29', 'Ex impedit odio aut sed et enim.', '2018-01-09 12:32:02', '2018-01-09 12:32:02');
INSERT INTO `replies` VALUES ('653', '2', '19', 'Impedit et quas vel.', '2018-02-04 13:58:01', '2018-02-04 13:58:01');
INSERT INTO `replies` VALUES ('654', '6', '14', 'Atque ut aliquid eligendi itaque.', '2018-01-14 20:54:12', '2018-01-14 20:54:12');
INSERT INTO `replies` VALUES ('655', '102', '13', 'Ea quia assumenda labore.', '2018-01-30 16:47:42', '2018-01-30 16:47:42');
INSERT INTO `replies` VALUES ('656', '69', '25', 'Quibusdam et est repudiandae enim hic minus expedita nesciunt.', '2018-01-24 17:12:14', '2018-01-24 17:12:14');
INSERT INTO `replies` VALUES ('657', '41', '29', 'Laborum voluptatem repellat quia nemo.', '2018-01-09 09:49:18', '2018-01-09 09:49:18');
INSERT INTO `replies` VALUES ('658', '85', '24', 'Illo et natus quia et hic et sequi.', '2018-01-13 00:35:49', '2018-01-13 00:35:49');
INSERT INTO `replies` VALUES ('659', '81', '19', 'Voluptatem est autem nulla rerum.', '2018-01-25 01:10:49', '2018-01-25 01:10:49');
INSERT INTO `replies` VALUES ('660', '17', '18', 'Ut enim delectus qui neque dolorum dolore.', '2018-01-07 12:05:39', '2018-01-07 12:05:39');
INSERT INTO `replies` VALUES ('661', '30', '15', 'Dolor recusandae tempore ratione et.', '2018-01-26 16:38:41', '2018-01-26 16:38:41');
INSERT INTO `replies` VALUES ('662', '25', '30', 'Tempora quo dolorem ipsum voluptatem qui eos rerum.', '2018-01-25 04:27:52', '2018-01-25 04:27:52');
INSERT INTO `replies` VALUES ('663', '10', '16', 'Fugiat occaecati quasi est unde velit dolor officia.', '2018-02-03 11:18:16', '2018-02-03 11:18:16');
INSERT INTO `replies` VALUES ('664', '29', '16', 'Voluptas tempora qui tenetur.', '2018-01-06 03:51:22', '2018-01-06 03:51:22');
INSERT INTO `replies` VALUES ('665', '49', '31', 'Alias culpa corrupti voluptatum aut autem beatae consequatur.', '2018-01-16 02:00:05', '2018-01-16 02:00:05');
INSERT INTO `replies` VALUES ('666', '83', '23', 'Qui possimus autem provident unde est mollitia doloribus.', '2018-02-01 15:06:31', '2018-02-01 15:06:31');
INSERT INTO `replies` VALUES ('667', '24', '24', 'Recusandae rerum laboriosam ipsum unde error.', '2018-01-09 08:04:47', '2018-01-09 08:04:47');
INSERT INTO `replies` VALUES ('668', '36', '30', 'Expedita quia nemo ut qui maxime ab.', '2018-01-19 09:08:57', '2018-01-19 09:08:57');
INSERT INTO `replies` VALUES ('669', '78', '23', 'Cum eveniet harum qui repellat.', '2018-01-13 17:00:06', '2018-01-13 17:00:06');
INSERT INTO `replies` VALUES ('670', '86', '32', 'Nostrum corporis et est dolorum.', '2018-01-15 18:54:54', '2018-01-15 18:54:54');
INSERT INTO `replies` VALUES ('671', '58', '19', 'Eos fugit quae expedita non optio.', '2018-01-05 23:36:17', '2018-01-05 23:36:17');
INSERT INTO `replies` VALUES ('672', '88', '29', 'Non aut et consequatur fugiat ut est sunt modi.', '2018-01-28 07:52:03', '2018-01-28 07:52:03');
INSERT INTO `replies` VALUES ('673', '50', '15', 'Exercitationem cumque similique aut laudantium.', '2018-01-19 10:00:46', '2018-01-19 10:00:46');
INSERT INTO `replies` VALUES ('674', '74', '32', 'Minus temporibus delectus nihil.', '2018-01-09 09:32:09', '2018-01-09 09:32:09');
INSERT INTO `replies` VALUES ('675', '87', '29', 'Similique aliquid non autem et aut vero.', '2018-01-11 14:59:35', '2018-01-11 14:59:35');
INSERT INTO `replies` VALUES ('676', '87', '17', 'Ea inventore labore assumenda voluptas molestiae et omnis.', '2018-01-05 14:12:32', '2018-01-05 14:12:32');
INSERT INTO `replies` VALUES ('677', '28', '31', 'Aut ipsum omnis id id necessitatibus provident ut.', '2018-01-26 23:40:09', '2018-01-26 23:40:09');
INSERT INTO `replies` VALUES ('678', '41', '24', 'Aut doloremque quia qui.', '2018-01-06 10:42:49', '2018-01-06 10:42:49');
INSERT INTO `replies` VALUES ('679', '22', '16', 'Error magnam perferendis optio temporibus in consequatur.', '2018-01-31 14:05:50', '2018-01-31 14:05:50');
INSERT INTO `replies` VALUES ('680', '14', '24', 'Est praesentium necessitatibus maxime ut praesentium dicta repellat.', '2018-01-09 22:41:58', '2018-01-09 22:41:58');
INSERT INTO `replies` VALUES ('681', '38', '24', 'Aut aut qui impedit modi quia quas.', '2018-01-14 11:21:06', '2018-01-14 11:21:06');
INSERT INTO `replies` VALUES ('682', '41', '25', 'Quisquam enim quae repellendus perferendis sit placeat autem.', '2018-02-03 07:24:12', '2018-02-03 07:24:12');
INSERT INTO `replies` VALUES ('683', '19', '31', 'Est omnis doloremque ut eligendi error ut nam.', '2018-01-11 21:46:43', '2018-01-11 21:46:43');
INSERT INTO `replies` VALUES ('684', '48', '19', 'Consequatur aut qui est ipsum distinctio et.', '2018-01-23 22:18:24', '2018-01-23 22:18:24');
INSERT INTO `replies` VALUES ('685', '29', '24', 'Aut odit dolorem iusto sit ipsum.', '2018-01-22 14:55:47', '2018-01-22 14:55:47');
INSERT INTO `replies` VALUES ('686', '22', '24', 'Repudiandae eaque soluta adipisci rerum.', '2018-01-12 12:33:14', '2018-01-12 12:33:14');
INSERT INTO `replies` VALUES ('687', '44', '24', 'Voluptatibus est error omnis porro soluta qui.', '2018-02-02 00:25:04', '2018-02-02 00:25:04');
INSERT INTO `replies` VALUES ('688', '64', '32', 'Dicta officia et ratione voluptas ut aut.', '2018-01-10 23:46:20', '2018-01-10 23:46:20');
INSERT INTO `replies` VALUES ('689', '20', '15', 'Rem eos illum neque at modi aut consequatur.', '2018-01-07 16:29:19', '2018-01-07 16:29:19');
INSERT INTO `replies` VALUES ('690', '2', '21', 'Ut ullam consequuntur quia.', '2018-01-31 16:35:30', '2018-01-31 16:35:30');
INSERT INTO `replies` VALUES ('691', '95', '17', 'Sapiente optio commodi non vel nulla voluptates.', '2018-01-12 03:05:00', '2018-01-12 03:05:00');
INSERT INTO `replies` VALUES ('692', '7', '16', 'Quaerat temporibus maiores assumenda vel provident dolor quisquam.', '2018-01-30 08:00:46', '2018-01-30 08:00:46');
INSERT INTO `replies` VALUES ('693', '2', '13', 'Unde dolore dignissimos dolorum perferendis eligendi a explicabo.', '2018-01-21 01:45:04', '2018-01-21 01:45:04');
INSERT INTO `replies` VALUES ('694', '74', '17', 'Est omnis ipsam aut ut distinctio saepe minus.', '2018-01-27 04:45:14', '2018-01-27 04:45:14');
INSERT INTO `replies` VALUES ('695', '26', '21', 'Quaerat delectus dicta est aut non neque.', '2018-01-10 01:42:34', '2018-01-10 01:42:34');
INSERT INTO `replies` VALUES ('696', '43', '19', 'Sed in voluptatibus aliquam.', '2018-01-23 11:03:11', '2018-01-23 11:03:11');
INSERT INTO `replies` VALUES ('697', '99', '24', 'At autem hic et quasi omnis voluptatem.', '2018-01-22 02:12:14', '2018-01-22 02:12:14');
INSERT INTO `replies` VALUES ('698', '20', '15', 'Quam enim officiis laudantium sit nihil omnis asperiores.', '2018-01-21 22:06:22', '2018-01-21 22:06:22');
INSERT INTO `replies` VALUES ('699', '25', '25', 'Aut recusandae dignissimos omnis illum.', '2018-01-13 07:47:22', '2018-01-13 07:47:22');
INSERT INTO `replies` VALUES ('700', '54', '20', 'Rerum ullam molestiae rerum quas.', '2018-01-12 23:36:27', '2018-01-12 23:36:27');
INSERT INTO `replies` VALUES ('701', '8', '25', 'Aliquid distinctio et rem veritatis tempora modi.', '2018-01-25 12:33:03', '2018-01-25 12:33:03');
INSERT INTO `replies` VALUES ('702', '33', '25', 'Quas eos voluptatum et enim.', '2018-01-09 15:01:57', '2018-01-09 15:01:57');
INSERT INTO `replies` VALUES ('703', '86', '15', 'Adipisci quidem autem et rem ut aliquid.', '2018-01-26 10:49:45', '2018-01-26 10:49:45');
INSERT INTO `replies` VALUES ('705', '8', '19', 'Qui sequi blanditiis modi recusandae sapiente.', '2018-01-26 09:41:54', '2018-01-26 09:41:54');
INSERT INTO `replies` VALUES ('706', '21', '14', 'Voluptas architecto fugiat qui animi architecto quis et.', '2018-01-19 09:21:14', '2018-01-19 09:21:14');
INSERT INTO `replies` VALUES ('707', '18', '32', 'Voluptates sint eius id rem.', '2018-01-22 18:04:25', '2018-01-22 18:04:25');
INSERT INTO `replies` VALUES ('708', '13', '15', 'Aut quod itaque hic reprehenderit.', '2018-01-30 18:11:51', '2018-01-30 18:11:51');
INSERT INTO `replies` VALUES ('709', '97', '23', 'Iusto qui quo voluptatibus ipsum.', '2018-01-28 23:27:20', '2018-01-28 23:27:20');
INSERT INTO `replies` VALUES ('710', '79', '22', 'Itaque dolor itaque qui.', '2018-01-13 07:08:53', '2018-01-13 07:08:53');
INSERT INTO `replies` VALUES ('711', '53', '13', 'Velit quas velit facere veritatis veritatis et.', '2018-01-09 17:42:44', '2018-01-09 17:42:44');
INSERT INTO `replies` VALUES ('713', '72', '23', 'Et maiores molestiae veniam libero cumque voluptas.', '2018-02-01 11:59:06', '2018-02-01 11:59:06');
INSERT INTO `replies` VALUES ('714', '87', '30', 'Et expedita atque nisi minima nisi facere sunt a.', '2018-01-06 22:01:35', '2018-01-06 22:01:35');
INSERT INTO `replies` VALUES ('715', '35', '21', 'Maiores molestias aut doloribus.', '2018-01-26 02:39:27', '2018-01-26 02:39:27');
INSERT INTO `replies` VALUES ('716', '87', '27', 'Et perspiciatis perferendis doloribus.', '2018-01-08 05:09:44', '2018-01-08 05:09:44');
INSERT INTO `replies` VALUES ('717', '10', '32', 'Deleniti eveniet nihil sed sequi.', '2018-01-10 20:14:04', '2018-01-10 20:14:04');
INSERT INTO `replies` VALUES ('718', '77', '14', 'Beatae aut quod ut neque rem.', '2018-01-24 18:19:13', '2018-01-24 18:19:13');
INSERT INTO `replies` VALUES ('719', '74', '20', 'Repellendus dolorum dolores in soluta aut.', '2018-02-04 13:44:47', '2018-02-04 13:44:47');
INSERT INTO `replies` VALUES ('720', '70', '27', 'Culpa aut et voluptatem impedit.', '2018-01-27 10:46:41', '2018-01-27 10:46:41');
INSERT INTO `replies` VALUES ('721', '55', '32', 'Reprehenderit doloremque aliquam non voluptate.', '2018-01-26 15:24:18', '2018-01-26 15:24:18');
INSERT INTO `replies` VALUES ('722', '9', '28', 'Omnis iure nihil voluptatibus.', '2018-01-07 01:21:15', '2018-01-07 01:21:15');
INSERT INTO `replies` VALUES ('723', '42', '32', 'Aspernatur esse beatae id et iure aut eaque.', '2018-02-02 06:25:23', '2018-02-02 06:25:23');
INSERT INTO `replies` VALUES ('724', '17', '24', 'Et perspiciatis temporibus qui consequatur nostrum.', '2018-01-10 12:59:00', '2018-01-10 12:59:00');
INSERT INTO `replies` VALUES ('725', '74', '29', 'Hic soluta veritatis vitae.', '2018-01-26 04:00:43', '2018-01-26 04:00:43');
INSERT INTO `replies` VALUES ('726', '12', '22', 'Iste officiis facilis ea vel sapiente aliquam consequatur.', '2018-01-07 22:32:00', '2018-01-07 22:32:00');
INSERT INTO `replies` VALUES ('727', '23', '26', 'Adipisci reprehenderit et distinctio.', '2018-01-17 02:49:49', '2018-01-17 02:49:49');
INSERT INTO `replies` VALUES ('728', '5', '25', 'Temporibus tempore laborum cupiditate quos distinctio.', '2018-01-12 04:26:32', '2018-01-12 04:26:32');
INSERT INTO `replies` VALUES ('729', '100', '30', 'Iure dolore excepturi dolores repellat ut omnis.', '2018-02-04 10:56:33', '2018-02-04 10:56:33');
INSERT INTO `replies` VALUES ('730', '55', '20', 'Blanditiis cum esse non dolores earum fuga laudantium.', '2018-01-17 09:34:12', '2018-01-17 09:34:12');
INSERT INTO `replies` VALUES ('731', '67', '23', 'Veniam est laborum voluptatem qui facilis odit.', '2018-01-16 15:45:26', '2018-01-16 15:45:26');
INSERT INTO `replies` VALUES ('732', '93', '17', 'Doloribus nostrum velit ipsum dolor quisquam.', '2018-02-03 02:54:05', '2018-02-03 02:54:05');
INSERT INTO `replies` VALUES ('733', '100', '23', 'Ipsum vero quaerat aut architecto sed error est.', '2018-01-17 09:53:05', '2018-01-17 09:53:05');
INSERT INTO `replies` VALUES ('734', '90', '25', 'Omnis ut consequatur cum ratione beatae eaque dicta.', '2018-01-08 18:09:14', '2018-01-08 18:09:14');
INSERT INTO `replies` VALUES ('735', '10', '16', 'Architecto eum officiis doloremque ipsum eligendi ducimus.', '2018-01-15 23:04:52', '2018-01-15 23:04:52');
INSERT INTO `replies` VALUES ('736', '46', '15', 'Magni ut et eos ea qui corporis.', '2018-01-26 21:54:55', '2018-01-26 21:54:55');
INSERT INTO `replies` VALUES ('737', '53', '16', 'Sed optio quasi ut ratione reprehenderit reiciendis.', '2018-01-20 08:09:27', '2018-01-20 08:09:27');
INSERT INTO `replies` VALUES ('738', '19', '17', 'Assumenda et vel dolor ea.', '2018-01-25 00:15:40', '2018-01-25 00:15:40');
INSERT INTO `replies` VALUES ('739', '69', '21', 'Dignissimos voluptatum optio laudantium ut quo.', '2018-02-02 01:21:59', '2018-02-02 01:21:59');
INSERT INTO `replies` VALUES ('740', '49', '16', 'Veritatis aut cum enim et possimus.', '2018-01-13 20:06:00', '2018-01-13 20:06:00');
INSERT INTO `replies` VALUES ('741', '66', '25', 'Aperiam qui tempora asperiores quia.', '2018-02-04 11:21:08', '2018-02-04 11:21:08');
INSERT INTO `replies` VALUES ('742', '63', '28', 'Iste adipisci iste a repellat numquam et.', '2018-02-03 23:20:43', '2018-02-03 23:20:43');
INSERT INTO `replies` VALUES ('743', '78', '28', 'In ducimus repellat aut dolorem qui.', '2018-01-30 05:10:23', '2018-01-30 05:10:23');
INSERT INTO `replies` VALUES ('744', '57', '14', 'Voluptas fugiat dolorum unde officia.', '2018-01-19 08:07:55', '2018-01-19 08:07:55');
INSERT INTO `replies` VALUES ('745', '83', '14', 'Nam enim veniam voluptas nisi natus quam.', '2018-01-23 05:11:28', '2018-01-23 05:11:28');
INSERT INTO `replies` VALUES ('746', '72', '32', 'Dolores quos sit omnis ut.', '2018-01-09 04:21:06', '2018-01-09 04:21:06');
INSERT INTO `replies` VALUES ('747', '34', '21', 'Laborum quisquam molestias ducimus et.', '2018-01-13 23:15:15', '2018-01-13 23:15:15');
INSERT INTO `replies` VALUES ('748', '91', '27', 'Velit fugit sed quam sint non.', '2018-01-25 12:50:31', '2018-01-25 12:50:31');
INSERT INTO `replies` VALUES ('749', '41', '30', 'Praesentium esse illum est error.', '2018-01-15 22:37:18', '2018-01-15 22:37:18');
INSERT INTO `replies` VALUES ('750', '72', '13', 'Velit dolore eos natus architecto.', '2018-01-27 03:29:46', '2018-01-27 03:29:46');
INSERT INTO `replies` VALUES ('751', '71', '14', 'Corrupti omnis voluptate aliquam cumque qui dolor laudantium quis.', '2018-02-01 20:46:06', '2018-02-01 20:46:06');
INSERT INTO `replies` VALUES ('752', '46', '22', 'Sunt et dolorem ipsam inventore est.', '2018-01-30 14:39:21', '2018-01-30 14:39:21');
INSERT INTO `replies` VALUES ('753', '97', '32', 'Consequatur tenetur voluptas repellat voluptas quam.', '2018-01-21 09:33:03', '2018-01-21 09:33:03');
INSERT INTO `replies` VALUES ('754', '69', '30', 'Aut facilis reprehenderit quis aut est quae.', '2018-01-13 14:55:08', '2018-01-13 14:55:08');
INSERT INTO `replies` VALUES ('755', '25', '29', 'Velit ad id adipisci doloremque.', '2018-01-18 14:53:11', '2018-01-18 14:53:11');
INSERT INTO `replies` VALUES ('756', '100', '21', 'Fugiat rerum accusamus qui voluptas labore eius.', '2018-01-19 03:41:58', '2018-01-19 03:41:58');
INSERT INTO `replies` VALUES ('757', '32', '14', 'Dicta dolore dicta odio quia.', '2018-01-08 09:54:12', '2018-01-08 09:54:12');
INSERT INTO `replies` VALUES ('758', '66', '31', 'Cum aut molestiae in fugit nam voluptatum.', '2018-01-30 03:04:45', '2018-01-30 03:04:45');
INSERT INTO `replies` VALUES ('759', '17', '22', 'Quisquam exercitationem doloribus consequatur.', '2018-01-31 11:39:15', '2018-01-31 11:39:15');
INSERT INTO `replies` VALUES ('760', '69', '13', 'Autem asperiores facilis vero mollitia non minima.', '2018-01-21 15:31:02', '2018-01-21 15:31:02');
INSERT INTO `replies` VALUES ('761', '78', '16', 'Non distinctio velit sit.', '2018-01-21 05:04:03', '2018-01-21 05:04:03');
INSERT INTO `replies` VALUES ('762', '37', '27', 'Molestias sit repellendus a exercitationem a et repellendus ut.', '2018-01-10 20:51:42', '2018-01-10 20:51:42');
INSERT INTO `replies` VALUES ('763', '16', '15', 'Molestiae animi necessitatibus nesciunt rerum aut ut sequi.', '2018-01-25 01:52:06', '2018-01-25 01:52:06');
INSERT INTO `replies` VALUES ('764', '102', '23', 'Nesciunt assumenda sed praesentium aperiam sint voluptas illo tempore.', '2018-02-05 01:01:06', '2018-02-05 01:01:06');
INSERT INTO `replies` VALUES ('765', '27', '19', 'Vero temporibus in eveniet tempora inventore.', '2018-01-18 20:58:04', '2018-01-18 20:58:04');
INSERT INTO `replies` VALUES ('766', '10', '17', 'Qui animi saepe dolore porro voluptatem quo ut.', '2018-01-21 17:59:35', '2018-01-21 17:59:35');
INSERT INTO `replies` VALUES ('767', '96', '24', 'Dolores quia est asperiores.', '2018-01-19 17:36:30', '2018-01-19 17:36:30');
INSERT INTO `replies` VALUES ('768', '101', '16', 'Laboriosam sunt doloribus unde delectus reprehenderit impedit.', '2018-01-09 21:35:49', '2018-01-09 21:35:49');
INSERT INTO `replies` VALUES ('769', '30', '16', 'Facilis perspiciatis ad aperiam repudiandae facilis.', '2018-01-10 03:26:07', '2018-01-10 03:26:07');
INSERT INTO `replies` VALUES ('770', '55', '22', 'Ut qui optio et.', '2018-01-15 01:00:53', '2018-01-15 01:00:53');
INSERT INTO `replies` VALUES ('771', '57', '28', 'Ullam praesentium laudantium et vitae.', '2018-01-26 04:54:51', '2018-01-26 04:54:51');
INSERT INTO `replies` VALUES ('772', '91', '19', 'Vel vitae in quasi nihil.', '2018-01-15 15:34:25', '2018-01-15 15:34:25');
INSERT INTO `replies` VALUES ('773', '45', '14', 'Non quia eos nam eos aut qui.', '2018-01-08 00:32:54', '2018-01-08 00:32:54');
INSERT INTO `replies` VALUES ('774', '12', '31', 'Qui adipisci excepturi magni harum aspernatur.', '2018-01-21 00:59:14', '2018-01-21 00:59:14');
INSERT INTO `replies` VALUES ('775', '66', '25', 'Consequuntur magnam esse sequi sit ex repellat id quis.', '2018-02-04 08:51:17', '2018-02-04 08:51:17');
INSERT INTO `replies` VALUES ('776', '7', '14', 'Quo consectetur voluptatem architecto ducimus molestiae cum minus maxime.', '2018-02-01 23:02:22', '2018-02-01 23:02:22');
INSERT INTO `replies` VALUES ('777', '12', '28', 'Ut inventore autem voluptatum id et.', '2018-01-23 21:43:27', '2018-01-23 21:43:27');
INSERT INTO `replies` VALUES ('778', '3', '13', 'Labore officia qui et accusantium.', '2018-01-28 05:39:49', '2018-01-28 05:39:49');
INSERT INTO `replies` VALUES ('779', '26', '25', 'Corporis odio voluptas in velit repellat velit.', '2018-01-28 17:16:23', '2018-01-28 17:16:23');
INSERT INTO `replies` VALUES ('780', '15', '20', 'In alias nemo animi asperiores.', '2018-01-26 03:47:38', '2018-01-26 03:47:38');
INSERT INTO `replies` VALUES ('781', '34', '17', 'Ab fugit molestias voluptate eius itaque.', '2018-01-13 07:48:52', '2018-01-13 07:48:52');
INSERT INTO `replies` VALUES ('782', '71', '30', 'Eos hic itaque voluptates beatae.', '2018-01-24 00:52:47', '2018-01-24 00:52:47');
INSERT INTO `replies` VALUES ('783', '8', '28', 'Eaque sequi aliquam recusandae et non rerum magni non.', '2018-01-26 23:31:51', '2018-01-26 23:31:51');
INSERT INTO `replies` VALUES ('784', '81', '20', 'Quisquam deserunt molestias voluptatem repellat.', '2018-01-30 03:00:20', '2018-01-30 03:00:20');
INSERT INTO `replies` VALUES ('785', '82', '29', 'Cum perspiciatis omnis est rem magnam.', '2018-01-25 11:28:44', '2018-01-25 11:28:44');
INSERT INTO `replies` VALUES ('786', '101', '15', 'Facere voluptas est possimus numquam aliquam voluptates ea.', '2018-01-22 10:40:54', '2018-01-22 10:40:54');
INSERT INTO `replies` VALUES ('787', '87', '29', 'Quia architecto voluptate dolor consequuntur rerum.', '2018-01-14 10:53:03', '2018-01-14 10:53:03');
INSERT INTO `replies` VALUES ('788', '52', '19', 'Asperiores repudiandae aliquid et dignissimos facilis explicabo.', '2018-01-23 14:21:28', '2018-01-23 14:21:28');
INSERT INTO `replies` VALUES ('789', '53', '14', 'Iusto assumenda quia quia natus.', '2018-01-17 02:49:33', '2018-01-17 02:49:33');
INSERT INTO `replies` VALUES ('790', '96', '30', 'Autem perferendis nostrum adipisci praesentium ratione molestiae quia magni.', '2018-01-25 16:22:41', '2018-01-25 16:22:41');
INSERT INTO `replies` VALUES ('791', '16', '25', 'Minus ipsum et adipisci molestiae vero cum.', '2018-01-17 09:09:59', '2018-01-17 09:09:59');
INSERT INTO `replies` VALUES ('792', '97', '30', 'Ut deserunt omnis qui ipsam qui ut.', '2018-01-28 04:10:28', '2018-01-28 04:10:28');
INSERT INTO `replies` VALUES ('793', '22', '25', 'Qui fuga pariatur voluptatem ipsam rerum vitae amet.', '2018-01-31 11:15:20', '2018-01-31 11:15:20');
INSERT INTO `replies` VALUES ('794', '98', '32', 'Enim laboriosam ea dignissimos quia aut saepe.', '2018-01-18 22:08:08', '2018-01-18 22:08:08');
INSERT INTO `replies` VALUES ('795', '26', '28', 'Eos delectus error quia qui.', '2018-01-22 16:31:03', '2018-01-22 16:31:03');
INSERT INTO `replies` VALUES ('796', '52', '17', 'Sed provident vel dolorem et illum.', '2018-02-05 07:48:58', '2018-02-05 07:48:58');
INSERT INTO `replies` VALUES ('797', '34', '32', 'Totam saepe non explicabo.', '2018-01-09 02:35:43', '2018-01-09 02:35:43');
INSERT INTO `replies` VALUES ('798', '30', '30', 'Dolorem provident suscipit et consectetur perspiciatis.', '2018-01-29 14:55:48', '2018-01-29 14:55:48');
INSERT INTO `replies` VALUES ('799', '18', '30', 'Quidem officia nostrum dolor et culpa.', '2018-01-08 09:21:21', '2018-01-08 09:21:21');
INSERT INTO `replies` VALUES ('800', '7', '30', 'Tenetur iste aspernatur natus ullam ex reprehenderit autem repellendus.', '2018-01-26 21:19:46', '2018-01-26 21:19:46');
INSERT INTO `replies` VALUES ('801', '32', '23', 'Consequatur accusamus neque saepe ipsam harum consequatur.', '2018-01-27 21:13:02', '2018-01-27 21:13:02');
INSERT INTO `replies` VALUES ('802', '69', '17', 'Explicabo vel sint autem aliquid et harum.', '2018-01-07 12:48:00', '2018-01-07 12:48:00');
INSERT INTO `replies` VALUES ('803', '33', '24', 'Nam quaerat recusandae nobis amet.', '2018-01-21 01:44:04', '2018-01-21 01:44:04');
INSERT INTO `replies` VALUES ('804', '45', '29', 'Unde voluptate voluptatem recusandae ut incidunt placeat.', '2018-02-02 12:54:11', '2018-02-02 12:54:11');
INSERT INTO `replies` VALUES ('805', '54', '23', 'Quia expedita nihil placeat enim deleniti.', '2018-01-23 22:20:32', '2018-01-23 22:20:32');
INSERT INTO `replies` VALUES ('806', '60', '19', 'Quae minima et sed tempore.', '2018-01-06 15:03:10', '2018-01-06 15:03:10');
INSERT INTO `replies` VALUES ('807', '80', '21', 'Placeat aliquid numquam nobis et ea quas autem a.', '2018-01-31 14:54:36', '2018-01-31 14:54:36');
INSERT INTO `replies` VALUES ('808', '12', '21', 'Accusamus libero recusandae et quia.', '2018-01-15 18:58:05', '2018-01-15 18:58:05');
INSERT INTO `replies` VALUES ('809', '80', '22', 'Exercitationem sint suscipit quibusdam fugiat dolor possimus.', '2018-02-04 12:49:42', '2018-02-04 12:49:42');
INSERT INTO `replies` VALUES ('810', '62', '25', 'Autem autem dolores illo ducimus.', '2018-01-06 18:30:27', '2018-01-06 18:30:27');
INSERT INTO `replies` VALUES ('811', '95', '22', 'Quasi quia eos laboriosam nobis.', '2018-01-12 18:51:11', '2018-01-12 18:51:11');
INSERT INTO `replies` VALUES ('812', '99', '30', 'Cumque qui ut ad.', '2018-01-16 09:14:34', '2018-01-16 09:14:34');
INSERT INTO `replies` VALUES ('813', '58', '17', 'Voluptatem laudantium in facilis.', '2018-01-30 17:59:48', '2018-01-30 17:59:48');
INSERT INTO `replies` VALUES ('814', '29', '20', 'Qui dolore ipsa illo ullam possimus.', '2018-01-15 22:33:41', '2018-01-15 22:33:41');
INSERT INTO `replies` VALUES ('815', '30', '31', 'Rerum ut laboriosam aspernatur enim itaque natus.', '2018-01-12 02:21:58', '2018-01-12 02:21:58');
INSERT INTO `replies` VALUES ('816', '26', '13', 'Sapiente dolorem et sed.', '2018-01-11 23:53:27', '2018-01-11 23:53:27');
INSERT INTO `replies` VALUES ('817', '2', '26', 'Delectus dolore tenetur a rerum.', '2018-01-29 19:32:31', '2018-01-29 19:32:31');
INSERT INTO `replies` VALUES ('818', '77', '25', 'Molestiae corrupti soluta quas eos aut expedita.', '2018-01-17 06:52:51', '2018-01-17 06:52:51');
INSERT INTO `replies` VALUES ('820', '101', '18', 'Et doloribus nulla beatae eum voluptatem libero animi.', '2018-01-26 21:51:23', '2018-01-26 21:51:23');
INSERT INTO `replies` VALUES ('821', '93', '29', 'Eum expedita maiores eum non impedit deserunt accusamus qui.', '2018-02-02 00:56:40', '2018-02-02 00:56:40');
INSERT INTO `replies` VALUES ('822', '69', '13', 'Ipsam sapiente aut qui molestiae.', '2018-01-24 06:52:49', '2018-01-24 06:52:49');
INSERT INTO `replies` VALUES ('823', '57', '20', 'Consequuntur ducimus eaque facere.', '2018-01-15 17:43:29', '2018-01-15 17:43:29');
INSERT INTO `replies` VALUES ('824', '78', '22', 'Temporibus vitae voluptas nesciunt.', '2018-01-24 23:25:10', '2018-01-24 23:25:10');
INSERT INTO `replies` VALUES ('825', '55', '13', 'Officia rerum debitis facilis.', '2018-02-04 23:15:06', '2018-02-04 23:15:06');
INSERT INTO `replies` VALUES ('826', '83', '28', 'Excepturi nihil architecto qui.', '2018-02-04 19:22:58', '2018-02-04 19:22:58');
INSERT INTO `replies` VALUES ('827', '68', '28', 'Nobis aut nam consequatur fugiat qui officia praesentium aut.', '2018-01-11 03:45:42', '2018-01-11 03:45:42');
INSERT INTO `replies` VALUES ('828', '9', '17', 'Iure qui magni odio adipisci et numquam assumenda.', '2018-01-07 20:59:36', '2018-01-07 20:59:36');
INSERT INTO `replies` VALUES ('829', '23', '29', 'Nulla laboriosam cumque et tempora commodi dolores et quo.', '2018-01-12 09:08:16', '2018-01-12 09:08:16');
INSERT INTO `replies` VALUES ('830', '24', '25', 'Omnis qui pariatur excepturi maxime voluptas.', '2018-01-30 19:12:28', '2018-01-30 19:12:28');
INSERT INTO `replies` VALUES ('831', '25', '22', 'Quia architecto et autem a aut autem.', '2018-01-18 06:50:25', '2018-01-18 06:50:25');
INSERT INTO `replies` VALUES ('832', '68', '21', 'Optio quia libero nisi ex facilis.', '2018-01-06 13:00:01', '2018-01-06 13:00:01');
INSERT INTO `replies` VALUES ('833', '75', '29', 'Dignissimos dolores maxime ut hic quia.', '2018-01-29 20:33:19', '2018-01-29 20:33:19');
INSERT INTO `replies` VALUES ('834', '61', '15', 'Est cum delectus tempora consectetur saepe ut dicta.', '2018-01-08 22:45:43', '2018-01-08 22:45:43');
INSERT INTO `replies` VALUES ('835', '93', '22', 'Qui sed ratione harum beatae officia nesciunt maiores.', '2018-01-10 03:32:35', '2018-01-10 03:32:35');
INSERT INTO `replies` VALUES ('836', '34', '21', 'Quod ut accusamus et omnis qui dolores modi.', '2018-01-29 19:01:49', '2018-01-29 19:01:49');
INSERT INTO `replies` VALUES ('837', '38', '18', 'Sunt unde doloribus cum perferendis rerum ea.', '2018-01-31 18:46:02', '2018-01-31 18:46:02');
INSERT INTO `replies` VALUES ('838', '69', '15', 'Minima sunt qui aut dolorum.', '2018-01-07 11:38:56', '2018-01-07 11:38:56');
INSERT INTO `replies` VALUES ('839', '71', '28', 'Minima qui perferendis ut quia aut qui.', '2018-01-28 18:33:32', '2018-01-28 18:33:32');
INSERT INTO `replies` VALUES ('840', '77', '17', 'Tempore perspiciatis ipsum velit commodi cumque non.', '2018-01-19 09:08:57', '2018-01-19 09:08:57');
INSERT INTO `replies` VALUES ('841', '88', '14', 'Quis perferendis saepe molestiae quia.', '2018-01-31 00:04:35', '2018-01-31 00:04:35');
INSERT INTO `replies` VALUES ('842', '12', '16', 'Natus sit quia reprehenderit quisquam ab.', '2018-01-26 12:04:37', '2018-01-26 12:04:37');
INSERT INTO `replies` VALUES ('843', '43', '32', 'Dolore et mollitia voluptas ea in.', '2018-01-12 18:46:25', '2018-01-12 18:46:25');
INSERT INTO `replies` VALUES ('844', '92', '28', 'Optio corrupti est fugiat blanditiis et eligendi consequatur.', '2018-01-20 03:45:43', '2018-01-20 03:45:43');
INSERT INTO `replies` VALUES ('845', '67', '17', 'Praesentium ipsa ex modi minima totam ratione.', '2018-02-02 12:15:17', '2018-02-02 12:15:17');
INSERT INTO `replies` VALUES ('846', '9', '14', 'Vero eligendi recusandae distinctio.', '2018-01-31 04:59:27', '2018-01-31 04:59:27');
INSERT INTO `replies` VALUES ('847', '47', '24', 'Quaerat in magnam magni rerum nihil omnis aliquid amet.', '2018-01-23 00:14:25', '2018-01-23 00:14:25');
INSERT INTO `replies` VALUES ('848', '68', '23', 'Vel adipisci ut voluptas neque commodi culpa in.', '2018-02-02 18:43:06', '2018-02-02 18:43:06');
INSERT INTO `replies` VALUES ('849', '51', '24', 'Blanditiis velit non molestiae fuga asperiores et.', '2018-01-26 19:32:50', '2018-01-26 19:32:50');
INSERT INTO `replies` VALUES ('850', '49', '21', 'Ut dolores asperiores iste qui.', '2018-01-08 19:25:03', '2018-01-08 19:25:03');
INSERT INTO `replies` VALUES ('851', '44', '15', 'Voluptatum ipsa corrupti tempore aliquam possimus dignissimos.', '2018-02-03 09:42:49', '2018-02-03 09:42:49');
INSERT INTO `replies` VALUES ('852', '63', '30', 'Numquam ut sint consequatur consequuntur natus ipsa.', '2018-02-02 03:43:32', '2018-02-02 03:43:32');
INSERT INTO `replies` VALUES ('853', '78', '28', 'Natus rem cum consequatur et voluptatibus molestiae.', '2018-01-18 09:13:53', '2018-01-18 09:13:53');
INSERT INTO `replies` VALUES ('854', '94', '17', 'Blanditiis vero sit optio dicta accusantium aut.', '2018-01-29 04:04:51', '2018-01-29 04:04:51');
INSERT INTO `replies` VALUES ('855', '83', '26', 'Et quo ducimus eligendi.', '2018-01-29 03:10:22', '2018-01-29 03:10:22');
INSERT INTO `replies` VALUES ('856', '38', '26', 'Ex ut atque voluptate facere voluptatibus.', '2018-01-19 07:40:34', '2018-01-19 07:40:34');
INSERT INTO `replies` VALUES ('857', '16', '18', 'Corrupti minus assumenda autem illo laudantium.', '2018-01-28 12:50:49', '2018-01-28 12:50:49');
INSERT INTO `replies` VALUES ('858', '61', '32', 'Et cupiditate natus eum aut.', '2018-01-14 04:19:50', '2018-01-14 04:19:50');
INSERT INTO `replies` VALUES ('859', '57', '17', 'Ea rem impedit sed ut nemo quis velit.', '2018-01-14 14:37:00', '2018-01-14 14:37:00');
INSERT INTO `replies` VALUES ('860', '11', '27', 'Nisi est perferendis id quis reiciendis perspiciatis aut.', '2018-01-31 09:31:28', '2018-01-31 09:31:28');
INSERT INTO `replies` VALUES ('861', '75', '16', 'Consequuntur et est molestiae unde nam et et.', '2018-01-18 17:18:06', '2018-01-18 17:18:06');
INSERT INTO `replies` VALUES ('862', '25', '32', 'Tempora odio architecto nostrum dolorem enim sit.', '2018-01-17 13:41:31', '2018-01-17 13:41:31');
INSERT INTO `replies` VALUES ('863', '24', '31', 'Aut quo qui iure quos.', '2018-01-16 04:00:11', '2018-01-16 04:00:11');
INSERT INTO `replies` VALUES ('864', '101', '13', 'Nulla ut iure aspernatur atque sit similique.', '2018-01-30 06:43:42', '2018-01-30 06:43:42');
INSERT INTO `replies` VALUES ('865', '19', '30', 'Maiores eos et id beatae similique aut qui.', '2018-01-09 10:45:47', '2018-01-09 10:45:47');
INSERT INTO `replies` VALUES ('866', '6', '29', 'Reprehenderit vel voluptatem voluptatum corporis.', '2018-01-26 01:50:58', '2018-01-26 01:50:58');
INSERT INTO `replies` VALUES ('867', '67', '22', 'Sequi consectetur expedita asperiores illo ut et.', '2018-01-08 10:33:22', '2018-01-08 10:33:22');
INSERT INTO `replies` VALUES ('868', '31', '22', 'Numquam architecto facilis ducimus voluptatem qui autem rem.', '2018-01-12 07:35:50', '2018-01-12 07:35:50');
INSERT INTO `replies` VALUES ('869', '91', '17', 'Non rerum at voluptas numquam quas.', '2018-01-29 07:08:45', '2018-01-29 07:08:45');
INSERT INTO `replies` VALUES ('870', '14', '24', 'Tempore dolorem molestiae quis aspernatur soluta exercitationem.', '2018-02-04 17:58:59', '2018-02-04 17:58:59');
INSERT INTO `replies` VALUES ('871', '42', '25', 'Dolore ratione est cupiditate occaecati aliquam quibusdam animi.', '2018-01-08 13:07:24', '2018-01-08 13:07:24');
INSERT INTO `replies` VALUES ('872', '15', '29', 'Laudantium iure nemo minus qui facere unde voluptates.', '2018-01-12 05:39:11', '2018-01-12 05:39:11');
INSERT INTO `replies` VALUES ('873', '6', '24', 'Tempora tempore delectus recusandae eligendi perferendis dolores.', '2018-01-17 09:11:59', '2018-01-17 09:11:59');
INSERT INTO `replies` VALUES ('874', '53', '31', 'Rerum illo et inventore officiis nihil impedit corporis.', '2018-01-14 05:28:55', '2018-01-14 05:28:55');
INSERT INTO `replies` VALUES ('875', '66', '26', 'Et fuga amet ipsum sunt.', '2018-01-17 13:15:33', '2018-01-17 13:15:33');
INSERT INTO `replies` VALUES ('876', '24', '31', 'Voluptas nobis sit et quasi laboriosam beatae.', '2018-02-03 18:48:28', '2018-02-03 18:48:28');
INSERT INTO `replies` VALUES ('877', '58', '25', 'Quia minus ex vero dolores.', '2018-01-23 10:47:31', '2018-01-23 10:47:31');
INSERT INTO `replies` VALUES ('878', '26', '32', 'Sequi odit rerum excepturi voluptas sapiente voluptatum numquam.', '2018-01-17 05:14:05', '2018-01-17 05:14:05');
INSERT INTO `replies` VALUES ('879', '4', '18', 'Enim dignissimos magni cumque quia.', '2018-01-14 13:17:22', '2018-01-14 13:17:22');
INSERT INTO `replies` VALUES ('880', '52', '32', 'Placeat id similique eius mollitia eum consequatur accusamus.', '2018-01-06 17:34:02', '2018-01-06 17:34:02');
INSERT INTO `replies` VALUES ('881', '73', '23', 'Id consequatur eum et facere.', '2018-01-31 17:08:25', '2018-01-31 17:08:25');
INSERT INTO `replies` VALUES ('882', '67', '14', 'Ab velit sunt quia et quia.', '2018-01-19 04:20:37', '2018-01-19 04:20:37');
INSERT INTO `replies` VALUES ('883', '73', '26', 'Voluptatum ipsum ut aut sit doloribus.', '2018-01-15 02:35:58', '2018-01-15 02:35:58');
INSERT INTO `replies` VALUES ('884', '47', '26', 'Ducimus est explicabo sed eos.', '2018-01-07 01:40:33', '2018-01-07 01:40:33');
INSERT INTO `replies` VALUES ('885', '67', '31', 'Doloremque sunt inventore illum qui.', '2018-02-03 03:55:05', '2018-02-03 03:55:05');
INSERT INTO `replies` VALUES ('886', '86', '21', 'Ea perspiciatis voluptates exercitationem ipsum voluptate asperiores.', '2018-01-29 05:44:56', '2018-01-29 05:44:56');
INSERT INTO `replies` VALUES ('887', '93', '29', 'Quod odit eum deleniti quibusdam excepturi incidunt occaecati sapiente.', '2018-01-31 08:54:56', '2018-01-31 08:54:56');
INSERT INTO `replies` VALUES ('888', '15', '17', 'Non modi quisquam libero consequatur.', '2018-01-10 15:15:03', '2018-01-10 15:15:03');
INSERT INTO `replies` VALUES ('889', '26', '26', 'Exercitationem non iure amet doloremque sit et voluptatibus.', '2018-01-14 13:14:05', '2018-01-14 13:14:05');
INSERT INTO `replies` VALUES ('890', '77', '26', 'Consequatur et expedita est maxime consequatur debitis expedita iusto.', '2018-01-07 23:35:34', '2018-01-07 23:35:34');
INSERT INTO `replies` VALUES ('891', '43', '15', 'Deserunt est corrupti eveniet.', '2018-01-06 10:25:34', '2018-01-06 10:25:34');
INSERT INTO `replies` VALUES ('892', '97', '29', 'Rerum quia quos accusantium placeat.', '2018-01-11 04:53:01', '2018-01-11 04:53:01');
INSERT INTO `replies` VALUES ('893', '95', '15', 'Iste sed possimus ut.', '2018-02-05 03:48:55', '2018-02-05 03:48:55');
INSERT INTO `replies` VALUES ('894', '4', '31', 'Totam ducimus praesentium rem vel omnis quo ipsum.', '2018-01-15 21:39:36', '2018-01-15 21:39:36');
INSERT INTO `replies` VALUES ('895', '45', '29', 'Porro rerum mollitia in at qui et porro.', '2018-01-18 14:17:29', '2018-01-18 14:17:29');
INSERT INTO `replies` VALUES ('896', '39', '13', 'Ullam rerum et vel dolor et distinctio unde.', '2018-01-06 16:26:39', '2018-01-06 16:26:39');
INSERT INTO `replies` VALUES ('897', '38', '16', 'Est explicabo aut eligendi aut sed.', '2018-01-28 18:27:42', '2018-01-28 18:27:42');
INSERT INTO `replies` VALUES ('898', '13', '28', 'Non et nostrum accusamus neque suscipit quod ducimus sed.', '2018-01-18 00:54:44', '2018-01-18 00:54:44');
INSERT INTO `replies` VALUES ('899', '60', '20', 'Rerum voluptatem qui culpa et dolor saepe.', '2018-01-23 21:46:05', '2018-01-23 21:46:05');
INSERT INTO `replies` VALUES ('900', '69', '15', 'Et id sapiente molestiae voluptates recusandae.', '2018-01-24 10:35:35', '2018-01-24 10:35:35');
INSERT INTO `replies` VALUES ('901', '81', '23', 'Quod cumque quos sed necessitatibus.', '2018-01-08 16:08:39', '2018-01-08 16:08:39');
INSERT INTO `replies` VALUES ('902', '98', '26', 'Perspiciatis repudiandae omnis repellat explicabo et voluptas.', '2018-02-01 09:08:48', '2018-02-01 09:08:48');
INSERT INTO `replies` VALUES ('903', '86', '16', 'Ut ut qui dolor nesciunt reiciendis.', '2018-02-04 00:22:51', '2018-02-04 00:22:51');
INSERT INTO `replies` VALUES ('904', '12', '31', 'Adipisci aut quis voluptatem quia quo explicabo.', '2018-01-10 08:56:57', '2018-01-10 08:56:57');
INSERT INTO `replies` VALUES ('905', '8', '24', 'Cupiditate occaecati quo dolorum molestiae temporibus.', '2018-01-30 10:53:21', '2018-01-30 10:53:21');
INSERT INTO `replies` VALUES ('906', '50', '26', 'Eligendi in ipsam dignissimos.', '2018-02-05 05:10:22', '2018-02-05 05:10:22');
INSERT INTO `replies` VALUES ('907', '37', '26', 'Quod voluptatem doloremque sapiente est.', '2018-01-09 20:44:26', '2018-01-09 20:44:26');
INSERT INTO `replies` VALUES ('908', '38', '27', 'Aut est quibusdam aliquam molestiae veritatis.', '2018-01-19 10:47:33', '2018-01-19 10:47:33');
INSERT INTO `replies` VALUES ('909', '37', '30', 'Odio maiores autem ut ullam id fugiat ducimus sunt.', '2018-01-19 16:19:11', '2018-01-19 16:19:11');
INSERT INTO `replies` VALUES ('910', '30', '16', 'Debitis qui magni natus omnis mollitia.', '2018-01-13 10:02:50', '2018-01-13 10:02:50');
INSERT INTO `replies` VALUES ('911', '21', '25', 'Modi et est perspiciatis non fuga cumque et.', '2018-01-22 00:18:18', '2018-01-22 00:18:18');
INSERT INTO `replies` VALUES ('912', '74', '26', 'Doloribus nihil saepe et sunt occaecati.', '2018-01-18 04:52:03', '2018-01-18 04:52:03');
INSERT INTO `replies` VALUES ('913', '32', '29', 'Ut at accusamus ut odio.', '2018-01-16 20:11:39', '2018-01-16 20:11:39');
INSERT INTO `replies` VALUES ('914', '3', '27', 'Possimus fuga autem eligendi quaerat hic.', '2018-01-06 04:08:46', '2018-01-06 04:08:46');
INSERT INTO `replies` VALUES ('915', '27', '25', 'Minus in quia fuga ipsam soluta doloremque exercitationem esse.', '2018-01-12 22:42:52', '2018-01-12 22:42:52');
INSERT INTO `replies` VALUES ('916', '93', '26', 'Aspernatur dolores delectus quae itaque fugit.', '2018-01-10 06:27:08', '2018-01-10 06:27:08');
INSERT INTO `replies` VALUES ('917', '25', '21', 'Reprehenderit saepe eos repellat nihil tempore labore eos accusantium.', '2018-01-13 19:31:43', '2018-01-13 19:31:43');
INSERT INTO `replies` VALUES ('918', '56', '14', 'Odit dolorum ea earum laboriosam.', '2018-01-11 03:05:17', '2018-01-11 03:05:17');
INSERT INTO `replies` VALUES ('919', '98', '30', 'Sunt et cumque at officia sapiente veritatis.', '2018-01-08 01:31:59', '2018-01-08 01:31:59');
INSERT INTO `replies` VALUES ('921', '101', '20', 'Laboriosam at sequi est maxime.', '2018-01-08 16:44:58', '2018-01-08 16:44:58');
INSERT INTO `replies` VALUES ('922', '11', '25', 'Quidem sunt officia in suscipit.', '2018-01-27 13:00:49', '2018-01-27 13:00:49');
INSERT INTO `replies` VALUES ('923', '82', '18', 'Distinctio et sit vel ratione et omnis.', '2018-01-09 11:56:04', '2018-01-09 11:56:04');
INSERT INTO `replies` VALUES ('924', '76', '15', 'Hic omnis excepturi qui ut officiis eveniet impedit quis.', '2018-02-02 23:05:43', '2018-02-02 23:05:43');
INSERT INTO `replies` VALUES ('925', '92', '14', 'Optio sit ipsa esse corporis aut.', '2018-01-28 03:17:46', '2018-01-28 03:17:46');
INSERT INTO `replies` VALUES ('926', '14', '30', 'Occaecati debitis quis quasi nam sit.', '2018-01-24 04:57:49', '2018-01-24 04:57:49');
INSERT INTO `replies` VALUES ('927', '46', '22', 'Est ut iste cumque.', '2018-01-11 04:13:06', '2018-01-11 04:13:06');
INSERT INTO `replies` VALUES ('928', '24', '27', 'Dicta aperiam et qui aspernatur autem ea eveniet.', '2018-01-31 06:01:19', '2018-01-31 06:01:19');
INSERT INTO `replies` VALUES ('929', '85', '13', 'Rerum ab soluta velit culpa porro consequuntur est.', '2018-01-09 22:55:43', '2018-01-09 22:55:43');
INSERT INTO `replies` VALUES ('930', '51', '29', 'Dolorem voluptatem atque a dicta.', '2018-01-30 08:30:47', '2018-01-30 08:30:47');
INSERT INTO `replies` VALUES ('931', '38', '16', 'Molestias delectus qui aut temporibus.', '2018-02-04 12:58:17', '2018-02-04 12:58:17');
INSERT INTO `replies` VALUES ('932', '90', '26', 'Odit ullam deleniti ad quod blanditiis ut.', '2018-01-07 15:41:11', '2018-01-07 15:41:11');
INSERT INTO `replies` VALUES ('933', '19', '31', 'Est ut eos alias autem autem animi.', '2018-01-15 21:53:33', '2018-01-15 21:53:33');
INSERT INTO `replies` VALUES ('934', '31', '14', 'Est sed suscipit commodi non aperiam cupiditate.', '2018-01-14 00:53:27', '2018-01-14 00:53:27');
INSERT INTO `replies` VALUES ('935', '25', '22', 'Vel possimus quia porro magni minima.', '2018-01-05 22:00:12', '2018-01-05 22:00:12');
INSERT INTO `replies` VALUES ('936', '70', '18', 'Inventore eos nihil veritatis quam alias facere.', '2018-01-31 15:51:20', '2018-01-31 15:51:20');
INSERT INTO `replies` VALUES ('937', '52', '18', 'Deleniti velit dolor totam.', '2018-01-30 20:19:41', '2018-01-30 20:19:41');
INSERT INTO `replies` VALUES ('938', '86', '25', 'Tempore aspernatur cupiditate voluptatem nulla eos non.', '2018-01-06 06:42:54', '2018-01-06 06:42:54');
INSERT INTO `replies` VALUES ('939', '49', '22', 'Magnam magnam aut quas dolores sit aliquam sint.', '2018-01-13 18:35:38', '2018-01-13 18:35:38');
INSERT INTO `replies` VALUES ('940', '76', '13', 'Iste fuga inventore ratione est itaque.', '2018-01-14 16:00:06', '2018-01-14 16:00:06');
INSERT INTO `replies` VALUES ('941', '70', '18', 'Omnis quae molestias vitae illo ipsa facilis repellendus.', '2018-01-15 08:15:51', '2018-01-15 08:15:51');
INSERT INTO `replies` VALUES ('942', '47', '22', 'Ducimus dolorem possimus et autem ex eos et.', '2018-01-28 05:55:51', '2018-01-28 05:55:51');
INSERT INTO `replies` VALUES ('943', '52', '21', 'Animi natus rem cupiditate odio.', '2018-01-19 01:50:14', '2018-01-19 01:50:14');
INSERT INTO `replies` VALUES ('944', '30', '27', 'Nihil pariatur dolorem odit dolorem.', '2018-01-22 18:31:37', '2018-01-22 18:31:37');
INSERT INTO `replies` VALUES ('945', '48', '28', 'Eius consectetur reprehenderit modi eaque.', '2018-02-03 09:00:58', '2018-02-03 09:00:58');
INSERT INTO `replies` VALUES ('946', '51', '23', 'Ullam dolorem officiis eos minima debitis modi qui eius.', '2018-01-07 17:38:51', '2018-01-07 17:38:51');
INSERT INTO `replies` VALUES ('947', '78', '25', 'Neque inventore commodi atque.', '2018-01-07 09:50:39', '2018-01-07 09:50:39');
INSERT INTO `replies` VALUES ('948', '65', '24', 'Quo illum nemo maxime sit voluptas quis.', '2018-01-15 13:16:29', '2018-01-15 13:16:29');
INSERT INTO `replies` VALUES ('949', '61', '16', 'Rem corporis mollitia esse id sit ipsam voluptatem similique.', '2018-01-16 18:21:07', '2018-01-16 18:21:07');
INSERT INTO `replies` VALUES ('950', '54', '29', 'Dolor minima sint sit tenetur id quaerat libero placeat.', '2018-01-29 07:29:52', '2018-01-29 07:29:52');
INSERT INTO `replies` VALUES ('951', '80', '30', 'Voluptas quam quaerat ut quam iste.', '2018-02-03 20:38:40', '2018-02-03 20:38:40');
INSERT INTO `replies` VALUES ('952', '25', '28', 'Odit dolorem ducimus natus fugiat sit aliquam et.', '2018-01-08 20:45:26', '2018-01-08 20:45:26');
INSERT INTO `replies` VALUES ('953', '50', '19', 'Optio veritatis aut alias.', '2018-02-01 06:58:57', '2018-02-01 06:58:57');
INSERT INTO `replies` VALUES ('954', '78', '30', 'Sed culpa enim delectus.', '2018-02-01 22:50:36', '2018-02-01 22:50:36');
INSERT INTO `replies` VALUES ('955', '24', '17', 'Deserunt doloremque earum quas aut.', '2018-01-30 14:17:14', '2018-01-30 14:17:14');
INSERT INTO `replies` VALUES ('956', '28', '31', 'Qui qui vel quis reprehenderit dolorum maiores repellendus.', '2018-01-28 06:31:26', '2018-01-28 06:31:26');
INSERT INTO `replies` VALUES ('957', '52', '19', 'Sunt qui et doloremque est.', '2018-02-02 08:21:51', '2018-02-02 08:21:51');
INSERT INTO `replies` VALUES ('958', '26', '16', 'Est mollitia corrupti qui accusamus quisquam similique et.', '2018-01-15 13:11:01', '2018-01-15 13:11:01');
INSERT INTO `replies` VALUES ('959', '22', '26', 'Ut soluta sed beatae porro delectus voluptates.', '2018-01-17 18:05:37', '2018-01-17 18:05:37');
INSERT INTO `replies` VALUES ('960', '88', '32', 'Sit ipsa et dolorem eius expedita velit.', '2018-01-14 16:41:18', '2018-01-14 16:41:18');
INSERT INTO `replies` VALUES ('961', '94', '26', 'Laudantium dicta et ut.', '2018-01-09 06:37:44', '2018-01-09 06:37:44');
INSERT INTO `replies` VALUES ('962', '61', '20', 'Omnis mollitia eum recusandae qui commodi reiciendis aliquam.', '2018-02-03 22:07:25', '2018-02-03 22:07:25');
INSERT INTO `replies` VALUES ('963', '71', '28', 'Aspernatur quia earum doloribus voluptatem sequi.', '2018-01-13 04:04:19', '2018-01-13 04:04:19');
INSERT INTO `replies` VALUES ('964', '99', '23', 'Deserunt aspernatur blanditiis laboriosam perspiciatis voluptate maiores.', '2018-01-15 09:56:53', '2018-01-15 09:56:53');
INSERT INTO `replies` VALUES ('965', '93', '21', 'Corrupti ex ut earum ut corporis.', '2018-01-14 06:31:28', '2018-01-14 06:31:28');
INSERT INTO `replies` VALUES ('966', '74', '15', 'Animi sed enim cupiditate atque quis repellendus repellat.', '2018-01-10 08:07:31', '2018-01-10 08:07:31');
INSERT INTO `replies` VALUES ('967', '73', '27', 'Voluptas omnis quas animi vero et.', '2018-01-12 11:41:45', '2018-01-12 11:41:45');
INSERT INTO `replies` VALUES ('968', '58', '30', 'Provident qui voluptatibus quibusdam quam incidunt.', '2018-01-20 22:10:33', '2018-01-20 22:10:33');
INSERT INTO `replies` VALUES ('969', '63', '15', 'Nesciunt labore repellat eum voluptatem provident recusandae.', '2018-01-13 08:31:00', '2018-01-13 08:31:00');
INSERT INTO `replies` VALUES ('970', '40', '16', 'Deserunt consequatur enim quidem nisi eum.', '2018-01-21 09:02:52', '2018-01-21 09:02:52');
INSERT INTO `replies` VALUES ('971', '55', '16', 'Quia ut itaque iure nisi nobis dolores.', '2018-01-17 21:40:51', '2018-01-17 21:40:51');
INSERT INTO `replies` VALUES ('972', '95', '32', 'Et facere quas earum fuga doloribus.', '2018-01-19 15:45:27', '2018-01-19 15:45:27');
INSERT INTO `replies` VALUES ('973', '97', '23', 'At iste iure quae sed aut cum.', '2018-01-28 13:17:48', '2018-01-28 13:17:48');
INSERT INTO `replies` VALUES ('974', '39', '13', 'Tempore molestiae qui ipsum fugiat illum atque soluta.', '2018-01-25 15:18:01', '2018-01-25 15:18:01');
INSERT INTO `replies` VALUES ('975', '53', '25', 'Maxime fugiat perferendis autem sed dolorem odit est.', '2018-01-07 11:18:33', '2018-01-07 11:18:33');
INSERT INTO `replies` VALUES ('976', '30', '16', 'Id praesentium eos id ut nobis.', '2018-01-15 10:20:52', '2018-01-15 10:20:52');
INSERT INTO `replies` VALUES ('977', '80', '16', 'Neque fugit at aut sed consequatur non illo.', '2018-01-25 11:59:30', '2018-01-25 11:59:30');
INSERT INTO `replies` VALUES ('978', '74', '15', 'Maiores molestiae delectus accusamus eveniet maiores veniam praesentium.', '2018-01-12 01:47:13', '2018-01-12 01:47:13');
INSERT INTO `replies` VALUES ('979', '30', '21', 'Qui rerum facilis et animi quisquam dolor ut.', '2018-01-09 03:19:43', '2018-01-09 03:19:43');
INSERT INTO `replies` VALUES ('980', '36', '21', 'Qui rerum nemo quo dicta.', '2018-01-14 14:52:31', '2018-01-14 14:52:31');
INSERT INTO `replies` VALUES ('981', '60', '27', 'Exercitationem dolorum voluptas sint adipisci sint consequatur ut eum.', '2018-02-04 07:26:17', '2018-02-04 07:26:17');
INSERT INTO `replies` VALUES ('982', '71', '13', 'Voluptatem repellendus accusamus et officiis.', '2018-01-06 05:20:39', '2018-01-06 05:20:39');
INSERT INTO `replies` VALUES ('983', '57', '29', 'Sed nihil nostrum aut ut molestiae error dicta.', '2018-01-14 22:00:09', '2018-01-14 22:00:09');
INSERT INTO `replies` VALUES ('984', '16', '16', 'Non ut quia dolor dolorem sapiente.', '2018-01-16 01:01:23', '2018-01-16 01:01:23');
INSERT INTO `replies` VALUES ('985', '98', '19', 'Soluta nemo est cum nesciunt aut iste.', '2018-01-11 16:48:00', '2018-01-11 16:48:00');
INSERT INTO `replies` VALUES ('986', '81', '16', 'Maiores ut et doloribus.', '2018-02-02 06:02:18', '2018-02-02 06:02:18');
INSERT INTO `replies` VALUES ('987', '28', '28', 'Culpa quos consequatur ea amet earum nam.', '2018-01-22 11:39:56', '2018-01-22 11:39:56');
INSERT INTO `replies` VALUES ('988', '57', '26', 'Hic adipisci facere sunt inventore minus.', '2018-01-19 00:53:20', '2018-01-19 00:53:20');
INSERT INTO `replies` VALUES ('989', '66', '22', 'Qui nobis vero esse sint ipsa provident.', '2018-02-01 14:27:44', '2018-02-01 14:27:44');
INSERT INTO `replies` VALUES ('990', '67', '20', 'Delectus quis consequuntur voluptatem qui est voluptas.', '2018-01-17 23:59:41', '2018-01-17 23:59:41');
INSERT INTO `replies` VALUES ('991', '77', '27', 'Totam laboriosam voluptatem aperiam eos aliquam eaque.', '2018-01-29 11:27:50', '2018-01-29 11:27:50');
INSERT INTO `replies` VALUES ('992', '51', '24', 'Modi voluptate libero quia fugiat distinctio.', '2018-01-20 20:39:03', '2018-01-20 20:39:03');
INSERT INTO `replies` VALUES ('993', '21', '17', 'Doloribus fugit atque odio eius.', '2018-01-23 16:37:01', '2018-01-23 16:37:01');
INSERT INTO `replies` VALUES ('994', '77', '26', 'Laudantium sunt sit et.', '2018-01-06 15:42:27', '2018-01-06 15:42:27');
INSERT INTO `replies` VALUES ('995', '35', '13', 'Molestiae officiis tempore ab natus eveniet consequatur quo.', '2018-02-05 07:10:45', '2018-02-05 07:10:45');
INSERT INTO `replies` VALUES ('996', '70', '30', 'Fugiat possimus quo dicta cupiditate et ratione impedit.', '2018-01-23 15:09:01', '2018-01-23 15:09:01');
INSERT INTO `replies` VALUES ('997', '56', '15', 'Et labore dolor quae aperiam molestiae.', '2018-01-18 11:49:54', '2018-01-18 11:49:54');
INSERT INTO `replies` VALUES ('998', '36', '13', 'Beatae sunt eum enim ut temporibus dolorum perferendis.', '2018-01-19 13:20:29', '2018-01-19 13:20:29');
INSERT INTO `replies` VALUES ('999', '84', '30', 'Deleniti tenetur id illum rerum.', '2018-01-29 19:26:00', '2018-01-29 19:26:00');
INSERT INTO `replies` VALUES ('1000', '23', '17', 'Vitae nulla necessitatibus molestiae.', '2018-01-10 11:29:44', '2018-01-10 11:29:44');

-- ----------------------------
-- Table structure for role_has_permissions
-- ----------------------------
DROP TABLE IF EXISTS `role_has_permissions`;
CREATE TABLE `role_has_permissions` (
  `permission_id` int(10) unsigned NOT NULL,
  `role_id` int(10) unsigned NOT NULL,
  PRIMARY KEY (`permission_id`,`role_id`),
  KEY `role_has_permissions_role_id_foreign` (`role_id`),
  CONSTRAINT `role_has_permissions_permission_id_foreign` FOREIGN KEY (`permission_id`) REFERENCES `permissions` (`id`) ON DELETE CASCADE,
  CONSTRAINT `role_has_permissions_role_id_foreign` FOREIGN KEY (`role_id`) REFERENCES `roles` (`id`) ON DELETE CASCADE
) ENGINE=InnoDB DEFAULT CHARSET=utf8mb4 COLLATE=utf8mb4_unicode_ci;

-- ----------------------------
-- Records of role_has_permissions
-- ----------------------------
INSERT INTO `role_has_permissions` VALUES ('1', '1');
INSERT INTO `role_has_permissions` VALUES ('2', '1');
INSERT INTO `role_has_permissions` VALUES ('3', '1');
INSERT INTO `role_has_permissions` VALUES ('1', '2');

-- ----------------------------
-- Table structure for roles
-- ----------------------------
DROP TABLE IF EXISTS `roles`;
CREATE TABLE `roles` (
  `id` int(10) unsigned NOT NULL AUTO_INCREMENT,
  `name` varchar(255) COLLATE utf8mb4_unicode_ci NOT NULL,
  `guard_name` varchar(255) COLLATE utf8mb4_unicode_ci NOT NULL,
  `created_at` timestamp NULL DEFAULT NULL,
  `updated_at` timestamp NULL DEFAULT NULL,
  PRIMARY KEY (`id`)
) ENGINE=InnoDB AUTO_INCREMENT=3 DEFAULT CHARSET=utf8mb4 COLLATE=utf8mb4_unicode_ci;

-- ----------------------------
-- Records of roles
-- ----------------------------
INSERT INTO `roles` VALUES ('1', 'Founder', 'web', '2018-02-07 16:05:18', '2018-02-07 16:05:18');
INSERT INTO `roles` VALUES ('2', 'Maintainer', 'web', '2018-02-07 16:05:18', '2018-02-07 16:05:18');

-- ----------------------------
-- Table structure for topics
-- ----------------------------
DROP TABLE IF EXISTS `topics`;
CREATE TABLE `topics` (
  `id` int(10) unsigned NOT NULL AUTO_INCREMENT,
  `title` varchar(255) COLLATE utf8mb4_unicode_ci NOT NULL,
  `body` text COLLATE utf8mb4_unicode_ci NOT NULL,
  `user_id` int(10) unsigned NOT NULL,
  `category_id` int(10) unsigned NOT NULL,
  `reply_count` int(10) unsigned NOT NULL DEFAULT '0',
  `view_count` int(10) unsigned NOT NULL DEFAULT '0',
  `last_reply_user_id` int(10) unsigned NOT NULL DEFAULT '0',
  `order` int(10) unsigned NOT NULL DEFAULT '0',
  `excerpt` text COLLATE utf8mb4_unicode_ci NOT NULL,
  `slug` varchar(255) COLLATE utf8mb4_unicode_ci DEFAULT NULL,
  `created_at` timestamp NULL DEFAULT NULL,
  `updated_at` timestamp NULL DEFAULT NULL,
  PRIMARY KEY (`id`),
  KEY `topics_title_index` (`title`),
  KEY `topics_user_id_index` (`user_id`),
  KEY `topics_category_id_index` (`category_id`)
) ENGINE=InnoDB AUTO_INCREMENT=105 DEFAULT CHARSET=utf8mb4 COLLATE=utf8mb4_unicode_ci;

-- ----------------------------
-- Records of topics
-- ----------------------------
INSERT INTO `topics` VALUES ('1', 'PHP 是最好的语言', '<h1>为什么 PHP 是最好的语言？现在是，将来也会是</h1><p><br>&nbsp;1年前&nbsp;⋅&nbsp;&nbsp;12970 ⋅&nbsp;&nbsp;50 ⋅&nbsp;&nbsp;34</p><h2>说明</h2><blockquote><p>文章起源：蛮多同学在犹豫选择 PHP 进行学习，这里总结了一些数据，可以作为参考。</p></blockquote><p>为什么 PHP 是最好的语言？你也许会说他的语法好学、部署简单、面面俱到的函数、甚至你会以为我在调侃 PHP 而哈哈大笑。</p><p>在我看来，PHP 之所以是星球上最好的语言，是因为有大量的人在使用它。</p><p><img src=\"https://dn-phphub.qbox.me/uploads/images/201612/13/1/YhzupYZMmO.png\" alt=\"file\"></p><p>上面这张数据图，是由&nbsp;<a href=\"https://w3techs.com/technologies/overview/programming_language/all\">W3Techs</a>&nbsp;网站提供的&nbsp;<a href=\"https://w3techs.com/technologies/overview/programming_language/all\">服务器端脚本语言市场占有率</a>，请配合以下信息一起理解此图：</p><ul><li>样本是&nbsp;<a href=\"http://www.alexa.com/\">http://www.alexa.com/</a>&nbsp;世界排名前一千万的网站；</li><li>此数据每日更新。</li></ul><p>以上列表信息选自：<a href=\"https://w3techs.com/technologies\">Technologies Overview</a>。</p><p>大部分的商业网站在使用 PHP，会导致 PHP 的人才需求非常大，学习、使用 PHP 的人群也会很庞大。</p><h2>PHP 的将来</h2><p>PHP 的将来是由 PHP7 决定的，再来看下 PHP 7 的表现。</p><p>发明 PHP 的 Zend 公司发布的&nbsp;<a href=\"http://www.zend.com/en/resources/php7_infographic\">PHP 与其他语言运行效率对比</a></p><p><img src=\"https://dn-phphub.qbox.me/uploads/images/201612/13/1/4EPATVwf2B.png\" alt=\"file\"></p><p>下面这一个是&nbsp;<a href=\"https://blog.famzah.net/2016/02/09/cpp-vs-python-vs-perl-vs-php-performance-benchmark-2016/\">C++ vs Python vs PHP vs Java vs NodeJS性能大PK</a></p><p><img src=\"https://dn-phphub.qbox.me/uploads/images/201612/13/1/NOYbRvU0dm.png\" alt=\"file\"></p><p>从运行结果来看，毫无疑问，PHP7 是最快的&nbsp;<strong>脚本语言</strong>&nbsp;（注意是脚本语言哈）。</p><blockquote><p>有同学在困惑 NodeJS 不是脚本语言？ JS 也就是这里的 Nodejs 是运行在是 V8 上的，V8 引擎会对 JS 进行预编译，具体见这里&nbsp;<a href=\"https://hashnode.com/post/is-nodejs-compiled-or-interpreted-language-cijylh0ed00keco5318e1em8p\">Is Node.js compiled or interpreted language? - Hashnode</a></p></blockquote><p>看这个表的时候要注意：</p><ul><li>Total&nbsp;<code>CPU time</code>&nbsp;越低越快；</li><li><code>Slower than</code>&nbsp;列里，<code>C++</code>&nbsp;对比&nbsp;<code>C++</code>&nbsp;要慢多少&nbsp;<code>CPU time</code>，<code>previous</code>&nbsp;是在列表里对比上一个排名的语言要慢多少&nbsp;<code>CPU time</code>。</li><li><code>Java 8 (non-std lib)</code>&nbsp;与&nbsp;<code>Python 2.7 + PyPy</code>&nbsp;因为不支持通用函数库，所以只参考不列入计算。</li></ul><p>简要分析结果如下：</p><ul><li>NodeJS 快 2 倍。</li><li>Java 8 接近慢 2 倍。</li><li>Python 在性能上没有什么重大变化。 每个新版本都比上个版本稍快一点，但整体 Python 比 C++ 慢 15 倍。</li><li>Perl 与 Python 有相同的趋势，并且比 C++ 慢 22 倍。</li><li>PHP 5.x 是最慢的，运行时间是 C++ 的 47 ~ 60 倍之间。</li><li>PHP 7 的成绩最为惊人。 它比 PHP 5.x 快 10 倍，比紧随其后的脚本语言 Python 快 3 倍。</li></ul><p>最后总结下，学习 PHP 的兄弟们，你们走的路没错。在考虑要不要入坑的同学们，也可以做个参考，最好的语言你怎么着也得学一学吧，至少工作机会不会太少。</p>', '22', '2', '0', '0', '0', '0', '为什么 PHP 是最好的语言？现在是，将来也会是&nbsp;1年前&nbsp;⋅&nbsp;&nbsp;12970 ⋅&nbsp;&nbsp;50 ⋅&nbsp;&nbsp;34说明文章起源：蛮多同学在犹豫选择 PHP 进行学习，这里总结了一些数据，可以作为参考。为什么 PH...', null, '2018-01-06 02:29:04', '2018-02-03 11:51:04');
INSERT INTO `topics` VALUES ('2', 'Velit et et repellat sunt magni ad id adipisci.', 'Et nulla qui adipisci ut expedita. Perspiciatis laboriosam ut aliquam fuga qui. Enim qui saepe et delectus est dolorum aut.', '13', '3', '0', '0', '0', '0', 'Velit et et repellat sunt magni ad id adipisci.', null, '2018-01-07 21:04:36', '2018-01-09 10:46:51');
INSERT INTO `topics` VALUES ('3', 'Occaecati ut qui ad ea fugiat et provident.', 'Sint incidunt accusamus rerum tempore ducimus velit. Sed minus ipsa amet perspiciatis voluptas. Ut qui qui rerum.', '20', '3', '0', '0', '0', '0', 'Occaecati ut qui ad ea fugiat et provident.', null, '2018-01-14 19:47:11', '2018-01-23 12:28:48');
INSERT INTO `topics` VALUES ('4', 'Omnis aut minima laborum quos.', 'Perferendis eveniet neque omnis dolorem qui illum. Amet perspiciatis sapiente molestiae. Vel occaecati reprehenderit dolore delectus at omnis eos.', '13', '4', '0', '0', '0', '0', 'Omnis aut minima laborum quos.', null, '2018-01-09 23:49:25', '2018-01-12 18:57:55');
INSERT INTO `topics` VALUES ('5', 'Architecto ut est dolores beatae dicta at magnam odit.', 'Dolor enim et quidem praesentium et rem rerum. Eum molestiae nostrum et magni eum. Sed molestias voluptates possimus non.', '20', '4', '0', '0', '0', '0', 'Architecto ut est dolores beatae dicta at magnam odit.', null, '2018-01-14 08:36:48', '2018-01-23 07:50:46');
INSERT INTO `topics` VALUES ('6', 'Sunt qui sunt et praesentium dicta.', 'Rerum et autem et dolore qui amet dolore. Dolorum esse fugit maxime quia velit. Rerum modi voluptatem aspernatur quam harum saepe quaerat. Magni et rem necessitatibus omnis placeat omnis quas at.', '20', '4', '0', '0', '0', '0', 'Sunt qui sunt et praesentium dicta.', null, '2018-01-16 13:46:00', '2018-01-23 00:00:23');
INSERT INTO `topics` VALUES ('7', 'Cumque voluptates odio nihil autem voluptatibus.', 'Natus quasi quia totam reprehenderit sunt quia. Quibusdam aliquam dignissimos commodi. Ex cupiditate enim sunt nemo qui et optio. Tempore eos error nemo vitae corrupti minima.', '16', '2', '0', '0', '0', '0', 'Cumque voluptates odio nihil autem voluptatibus.', null, '2018-01-04 11:53:51', '2018-01-09 13:13:42');
INSERT INTO `topics` VALUES ('8', 'Nihil rerum pariatur et.', 'Vero cupiditate voluptate in laborum. Sequi veritatis aut et laboriosam quia repudiandae. Nulla suscipit veritatis quas ut.', '20', '4', '0', '0', '0', '0', 'Nihil rerum pariatur et.', null, '2018-01-10 02:28:35', '2018-01-29 07:30:37');
INSERT INTO `topics` VALUES ('9', 'Nisi omnis quam quia quia molestiae molestiae.', 'Qui dignissimos sed deserunt sed incidunt debitis eius. Distinctio voluptatem dolore ut quis et velit molestiae molestias.', '15', '1', '0', '0', '0', '0', 'Nisi omnis quam quia quia molestiae molestiae.', null, '2018-01-15 22:08:42', '2018-01-18 06:26:06');
INSERT INTO `topics` VALUES ('10', 'Impedit rerum sed impedit eum odit.', 'Dolor aspernatur adipisci et quia consequatur accusantium praesentium et. Error sed error rem numquam fugiat ab. Illo est ut et nobis culpa magnam.', '21', '1', '0', '0', '0', '0', 'Impedit rerum sed impedit eum odit.', null, '2018-01-03 16:01:38', '2018-01-20 09:58:01');
INSERT INTO `topics` VALUES ('11', 'Inventore illum dolor magnam rem non velit deleniti.', 'Fugiat debitis animi unde in. Eos aliquam sit dolorem sunt id omnis. Neque exercitationem itaque accusantium et itaque nam voluptates.', '13', '1', '0', '0', '0', '0', 'Inventore illum dolor magnam rem non velit deleniti.', null, '2018-01-07 01:55:35', '2018-01-11 08:53:30');
INSERT INTO `topics` VALUES ('12', 'Voluptatum atque repellat unde aut eum.', 'Dolore at consequatur doloremque consequatur. Qui recusandae saepe in quia possimus. Numquam beatae rerum odit non quo odio nobis sequi.', '13', '1', '0', '0', '0', '0', 'Voluptatum atque repellat unde aut eum.', null, '2018-01-03 03:38:44', '2018-01-05 01:23:48');
INSERT INTO `topics` VALUES ('13', 'Et facilis et iusto quo eveniet aut beatae.', 'Et sit esse quisquam temporibus rerum nesciunt. Et consequuntur suscipit illum. Sit ut voluptatibus fugit laudantium impedit quod.', '20', '2', '0', '0', '0', '0', 'Et facilis et iusto quo eveniet aut beatae.', null, '2018-01-06 04:06:11', '2018-01-22 17:04:20');
INSERT INTO `topics` VALUES ('14', 'Est ad quia placeat mollitia.', 'Enim accusamus quia repellat delectus qui. Autem aut nam voluptate cupiditate. Aperiam aliquam est quasi aut. Soluta et quo natus laudantium.', '21', '4', '0', '0', '0', '0', 'Est ad quia placeat mollitia.', null, '2018-01-04 14:06:31', '2018-01-29 03:14:28');
INSERT INTO `topics` VALUES ('15', 'Qui molestiae aut unde aut nulla sint eum.', 'Repudiandae vel assumenda voluptatum qui doloribus. Quia aut porro corrupti enim. Dicta eos sed quis cumque aut et quia.', '22', '2', '0', '0', '0', '0', 'Qui molestiae aut unde aut nulla sint eum.', null, '2018-01-22 21:09:48', '2018-01-26 12:43:54');
INSERT INTO `topics` VALUES ('16', 'Culpa repudiandae ratione aperiam repellat voluptatum eos dolores architecto.', 'Nostrum expedita dicta eaque ut fugiat quia eaque tempora. Minus nam nulla debitis voluptatem impedit error quae a.', '18', '4', '0', '0', '0', '0', 'Culpa repudiandae ratione aperiam repellat voluptatum eos dolores architecto.', null, '2018-01-09 13:31:04', '2018-01-14 05:40:49');
INSERT INTO `topics` VALUES ('17', 'Laboriosam exercitationem consequatur ipsa quia vel.', 'Vero blanditiis sit quod mollitia quisquam. Exercitationem reiciendis velit optio ducimus nulla consectetur. Quis dolorem deleniti minima sint.', '22', '1', '0', '0', '0', '0', 'Laboriosam exercitationem consequatur ipsa quia vel.', null, '2018-01-18 13:58:20', '2018-01-29 17:12:48');
INSERT INTO `topics` VALUES ('18', 'Provident perferendis laudantium amet.', 'Ut consequuntur id nostrum aut veniam aut culpa. Optio quisquam et eius quis itaque. Enim quaerat occaecati qui quia cumque et. Deserunt natus qui et sapiente.', '14', '4', '0', '0', '0', '0', 'Provident perferendis laudantium amet.', null, '2018-01-03 06:42:18', '2018-01-05 06:45:03');
INSERT INTO `topics` VALUES ('19', 'Voluptas nemo beatae enim quo aspernatur laboriosam.', 'Minus facilis temporibus aut magnam et. Dolores suscipit repudiandae voluptatem et doloribus cumque unde. Sint quidem animi eligendi voluptas pariatur omnis incidunt.', '17', '4', '0', '0', '0', '0', 'Voluptas nemo beatae enim quo aspernatur laboriosam.', null, '2018-01-10 04:18:46', '2018-01-24 22:38:35');
INSERT INTO `topics` VALUES ('20', 'Nobis sit quis voluptatem ipsam et consequatur vel.', 'Fuga commodi cumque ex eos. A facilis non facere enim dolorum. Consequatur minus repellat a et. Animi harum debitis id aperiam cumque.', '16', '2', '0', '0', '0', '0', 'Nobis sit quis voluptatem ipsam et consequatur vel.', null, '2018-01-03 18:57:51', '2018-01-05 04:06:16');
INSERT INTO `topics` VALUES ('21', 'Molestiae aspernatur deleniti et ullam tenetur ab.', 'Maiores occaecati sint nam et. Et totam nesciunt sapiente sunt modi velit quia. Eligendi quo doloribus sunt soluta.', '13', '3', '0', '0', '0', '0', 'Molestiae aspernatur deleniti et ullam tenetur ab.', null, '2018-01-02 22:04:10', '2018-01-11 08:03:29');
INSERT INTO `topics` VALUES ('22', 'Nulla nam itaque nemo dolorem non possimus dolores.', 'Itaque odio sit impedit consequuntur. Omnis voluptatem delectus vitae ut inventore atque. Corrupti adipisci est rerum velit neque.', '15', '3', '0', '0', '0', '0', 'Nulla nam itaque nemo dolorem non possimus dolores.', null, '2018-01-09 06:13:01', '2018-01-17 18:55:17');
INSERT INTO `topics` VALUES ('23', 'Perspiciatis ipsa consequatur deleniti fugiat.', 'At nam enim sunt officiis minima aut magnam inventore. Iste id libero et beatae. Rem deleniti deserunt enim sit. Ullam corrupti cumque sed molestiae.', '22', '4', '0', '0', '0', '0', 'Perspiciatis ipsa consequatur deleniti fugiat.', null, '2018-01-04 17:54:39', '2018-01-10 09:41:30');
INSERT INTO `topics` VALUES ('24', 'Minus deserunt voluptatibus qui qui.', 'Quia sit sed dolor asperiores rem ex. Error consequatur voluptatem provident id fuga. Modi minus voluptatem tempora iusto perspiciatis.', '17', '4', '0', '0', '0', '0', 'Minus deserunt voluptatibus qui qui.', null, '2018-01-25 09:11:30', '2018-01-28 04:49:06');
INSERT INTO `topics` VALUES ('25', 'Voluptatem ratione praesentium laborum eos fugit quas.', 'Ex ea qui ut consequatur exercitationem laborum. Numquam vel omnis est a officiis quaerat. Earum harum totam dolores asperiores explicabo.', '17', '4', '0', '0', '0', '0', 'Voluptatem ratione praesentium laborum eos fugit quas.', null, '2018-01-04 21:53:49', '2018-01-05 17:06:45');
INSERT INTO `topics` VALUES ('26', 'Rerum atque ratione est dolor qui quis.', 'Delectus qui blanditiis eum sint est. Non nisi est repellat ab. Eos voluptatibus doloremque est. Voluptatum et non doloribus est quis. In velit voluptatem omnis nihil ut voluptas.', '19', '3', '0', '0', '0', '0', 'Rerum atque ratione est dolor qui quis.', null, '2018-01-05 12:46:42', '2018-01-06 13:20:07');
INSERT INTO `topics` VALUES ('27', 'Omnis occaecati non est dignissimos ad quia.', 'Vel quasi qui eos ut ullam et voluptatem. Aut eum nostrum natus ipsam accusantium occaecati. Nemo a tempora iure culpa consequuntur accusamus delectus. Sit aut quibusdam necessitatibus.', '13', '4', '0', '0', '0', '0', 'Omnis occaecati non est dignissimos ad quia.', null, '2018-01-06 17:07:57', '2018-01-29 15:57:10');
INSERT INTO `topics` VALUES ('28', 'Qui explicabo qui voluptatem non sed rerum.', 'Aut itaque maxime dolores et. Velit sit voluptate ut mollitia expedita. Officiis recusandae non sit debitis. Commodi quasi enim nemo minima dolor.', '13', '2', '0', '0', '0', '0', 'Qui explicabo qui voluptatem non sed rerum.', null, '2018-01-17 19:48:26', '2018-01-22 10:10:54');
INSERT INTO `topics` VALUES ('29', 'Odio delectus aut et in sit inventore.', 'Consequuntur est sit rerum sit voluptas numquam. Repudiandae in quia commodi dolores vel. Dolorem nemo rerum et commodi autem maiores.', '17', '3', '0', '0', '0', '0', 'Odio delectus aut et in sit inventore.', null, '2018-01-18 21:59:43', '2018-01-24 10:53:24');
INSERT INTO `topics` VALUES ('30', 'Minus harum sed doloremque velit consequuntur delectus esse.', 'Eos deserunt velit dolor deleniti quidem ducimus. Expedita et dolores tenetur consequatur sit. Dolorem tempora et et qui et dolor soluta repudiandae.', '17', '1', '0', '0', '0', '0', 'Minus harum sed doloremque velit consequuntur delectus esse.', null, '2018-01-05 22:48:39', '2018-01-10 22:28:33');
INSERT INTO `topics` VALUES ('31', 'Omnis magnam harum tempora blanditiis voluptatem in sed.', 'Et dicta tempore voluptatem est voluptas et necessitatibus. Dignissimos iusto error natus dolor. Non vero porro amet exercitationem blanditiis.', '19', '2', '0', '0', '0', '0', 'Omnis magnam harum tempora blanditiis voluptatem in sed.', null, '2018-01-09 19:45:01', '2018-01-12 23:56:33');
INSERT INTO `topics` VALUES ('32', 'Repellendus eum ut accusamus mollitia error laboriosam quia.', 'Alias sequi iste dolorum quasi possimus nam est. Non harum eos sint maiores rem dolores molestiae. Fugiat et repellat tempora itaque.', '14', '3', '0', '0', '0', '0', 'Repellendus eum ut accusamus mollitia error laboriosam quia.', null, '2018-01-08 02:40:17', '2018-01-09 05:11:50');
INSERT INTO `topics` VALUES ('33', 'Maiores id sapiente dolorem fugit corporis omnis.', 'Eius enim ab aut quae. Occaecati similique similique suscipit similique. Ad molestias commodi qui alias. Ex pariatur tempore doloremque ex recusandae.', '16', '3', '0', '0', '0', '0', 'Maiores id sapiente dolorem fugit corporis omnis.', null, '2018-01-21 10:25:55', '2018-01-31 22:07:08');
INSERT INTO `topics` VALUES ('34', 'Nam ipsam aut praesentium omnis qui voluptas.', '<p><span style=\"font-size:1px;\">Nam ipsam aut praesentium omnis qui voluptas.</span><span style=\"font-size:1px;\">Nam ipsam aut praesentium omnis qui voluptas.</span><span style=\"font-size:1px;\">Nam ipsam aut praesentium omnis qui voluptas.</span><br /></p>', '20', '4', '15', '0', '0', '0', 'Nam ipsam aut praesentium omnis qui voluptas.Nam ipsam aut praesentium omnis qui voluptas.Nam ipsam aut praesentium omnis qui voluptas.', null, '2018-01-29 22:19:17', '2018-02-07 12:13:05');
INSERT INTO `topics` VALUES ('35', 'Modi culpa est aliquam molestiae atque voluptates nihil.', 'Sequi error laboriosam tenetur quia ut. Aut suscipit voluptas quasi ducimus mollitia. Sunt eum saepe quibusdam dolores ut et.', '13', '3', '0', '0', '0', '0', 'Modi culpa est aliquam molestiae atque voluptates nihil.', null, '2018-01-02 18:26:58', '2018-01-03 12:19:08');
INSERT INTO `topics` VALUES ('36', 'Cupiditate labore qui nulla vel magni.', 'Laboriosam iusto fugiat explicabo tempore omnis. Expedita qui non dolor ut velit est modi. Magni alias quia necessitatibus iure.', '17', '3', '0', '0', '0', '0', 'Cupiditate labore qui nulla vel magni.', null, '2018-01-02 12:03:45', '2018-01-02 16:52:52');
INSERT INTO `topics` VALUES ('37', 'Necessitatibus nemo nam pariatur adipisci officia eum sequi.', 'Voluptas ratione tenetur dignissimos molestiae veniam rerum. Doloribus id quis nemo voluptas saepe quia. Corporis consequatur unde a quibusdam. Magnam nisi consectetur nihil tempore praesentium.', '18', '3', '0', '0', '0', '0', 'Necessitatibus nemo nam pariatur adipisci officia eum sequi.', null, '2018-01-05 12:36:45', '2018-01-09 14:22:07');
INSERT INTO `topics` VALUES ('38', 'Provident ut modi qui est laboriosam enim veritatis.', 'Cum ullam voluptatem laboriosam id. Eum ullam inventore et autem beatae quisquam voluptatibus. Distinctio sed vero nulla repudiandae consequuntur.', '19', '4', '0', '0', '0', '0', 'Provident ut modi qui est laboriosam enim veritatis.', null, '2018-01-10 08:42:04', '2018-01-13 00:32:45');
INSERT INTO `topics` VALUES ('39', 'Rerum accusamus iste labore voluptatem sunt.', 'Fugiat error dignissimos voluptatum distinctio quod non quaerat. Ea id soluta in. Sequi consequatur veniam et repellat. Adipisci non consectetur magnam consequuntur quo laudantium sed.', '18', '1', '0', '0', '0', '0', 'Rerum accusamus iste labore voluptatem sunt.', null, '2018-01-04 08:21:34', '2018-01-04 10:11:22');
INSERT INTO `topics` VALUES ('40', 'Temporibus non animi voluptatum itaque ipsam consectetur laudantium qui.', 'Pariatur et eos ipsam qui. Atque et quia non doloribus. Amet earum aut nihil qui necessitatibus dolores minus. Laudantium ea veniam saepe sint veniam laborum iure.', '21', '3', '0', '0', '0', '0', 'Temporibus non animi voluptatum itaque ipsam consectetur laudantium qui.', null, '2018-01-02 14:45:22', '2018-01-13 16:46:52');
INSERT INTO `topics` VALUES ('41', 'Delectus quia odit mollitia repellendus quod.', 'Dolorem id ut et ex. Ipsam nisi sequi mollitia voluptatem quis quaerat vero. Neque doloribus facere qui qui consectetur et voluptatem. Suscipit laborum quia illum id inventore non iste.', '16', '4', '0', '0', '0', '0', 'Delectus quia odit mollitia repellendus quod.', null, '2018-01-18 18:01:00', '2018-01-30 01:53:00');
INSERT INTO `topics` VALUES ('42', 'Cum sunt quibusdam similique fugit molestias voluptatem.', 'Quis et eius aut et. Qui alias dolor asperiores beatae. Laboriosam deserunt tenetur non laborum ipsa et. Qui quia cumque natus qui minima eveniet.', '17', '3', '0', '0', '0', '0', 'Cum sunt quibusdam similique fugit molestias voluptatem.', null, '2018-01-03 04:26:41', '2018-01-07 19:53:38');
INSERT INTO `topics` VALUES ('43', 'Voluptatibus voluptatem rerum aut illum.', 'Et saepe aut deleniti labore molestiae. Consequatur est et harum et sed. Ipsa illo neque pariatur. Sint et deserunt magni excepturi illo. Voluptas aperiam minus nihil corrupti.', '22', '1', '0', '0', '0', '0', 'Voluptatibus voluptatem rerum aut illum.', null, '2018-01-17 09:54:02', '2018-01-22 02:51:34');
INSERT INTO `topics` VALUES ('44', 'Necessitatibus deleniti quia facilis quia culpa atque sed.', 'Illum id adipisci iusto accusamus cupiditate ratione et. Ut atque vitae eligendi omnis omnis eaque. Omnis ea voluptatem ut aut odit aut.', '18', '3', '0', '0', '0', '0', 'Necessitatibus deleniti quia facilis quia culpa atque sed.', null, '2018-01-08 10:00:30', '2018-01-29 18:48:57');
INSERT INTO `topics` VALUES ('45', 'Dolor itaque a quis doloremque sapiente sed.', 'Velit eos harum sunt. Eum quia eligendi quasi dolores minima. Dolores quo qui ut ipsa. Quo distinctio autem quaerat est sint iure.', '14', '4', '0', '0', '0', '0', 'Dolor itaque a quis doloremque sapiente sed.', null, '2018-01-29 05:54:10', '2018-02-01 09:06:48');
INSERT INTO `topics` VALUES ('46', 'Aliquam veniam ut quae ut maiores.', 'Delectus explicabo dicta non. Voluptas voluptate atque fugit corporis excepturi. Aliquid quisquam repellat provident consequuntur sed. Accusamus odit modi nemo quidem est.', '18', '3', '0', '0', '0', '0', 'Aliquam veniam ut quae ut maiores.', null, '2018-01-04 22:40:26', '2018-01-23 17:44:45');
INSERT INTO `topics` VALUES ('47', 'Ad voluptatem nisi et eligendi.', 'Animi in similique natus enim dignissimos eveniet doloremque. Qui dolor mollitia eligendi quae voluptates corrupti nam. Saepe aut dolorem vel et ipsam odio.', '20', '1', '0', '0', '0', '0', 'Ad voluptatem nisi et eligendi.', null, '2018-01-02 15:53:30', '2018-01-09 21:48:42');
INSERT INTO `topics` VALUES ('48', 'Perferendis qui enim ad dicta ea voluptatem distinctio.', 'Ut ut deserunt recusandae commodi qui. Atque repellendus laboriosam ut nisi consequatur recusandae. Modi natus et aperiam. Vel autem et omnis officia hic vitae.', '17', '3', '0', '0', '0', '0', 'Perferendis qui enim ad dicta ea voluptatem distinctio.', null, '2018-01-08 01:11:35', '2018-01-24 17:01:20');
INSERT INTO `topics` VALUES ('49', 'Est qui quia voluptatem aliquam ipsum cum dicta dignissimos.', 'Sint est repellendus ut sed sapiente ut. Facere aut facere alias aperiam laboriosam est. Ducimus expedita quo corrupti quam et cumque. Numquam sit voluptates quisquam nostrum.', '22', '3', '0', '0', '0', '0', 'Est qui quia voluptatem aliquam ipsum cum dicta dignissimos.', null, '2018-01-03 02:39:10', '2018-01-03 15:41:50');
INSERT INTO `topics` VALUES ('50', 'Aut natus beatae quaerat tempore ut et distinctio et.', 'Incidunt aut tenetur sint hic fugiat error. Ex quasi perferendis et tempora dolorem nemo. Dolor accusamus illum voluptatem quod qui. Dolor veniam omnis debitis praesentium rerum.', '17', '3', '0', '0', '0', '0', 'Aut natus beatae quaerat tempore ut et distinctio et.', null, '2018-01-09 12:42:48', '2018-01-14 14:27:57');
INSERT INTO `topics` VALUES ('51', 'Velit aspernatur aut aut et reiciendis recusandae.', 'Velit iste et odit aut. Cumque officia accusamus est quis omnis. Velit placeat recusandae nihil dolores. Natus iusto aspernatur laborum. Sed fugiat rem in eum. Qui blanditiis expedita et.', '13', '4', '0', '0', '0', '0', 'Velit aspernatur aut aut et reiciendis recusandae.', null, '2018-01-12 05:55:38', '2018-01-17 18:22:10');
INSERT INTO `topics` VALUES ('52', 'Vel qui eos fugit alias.', 'Quo explicabo excepturi et perspiciatis dolorum aut repellat. Et officiis est velit blanditiis. Dicta hic consequatur est reiciendis.', '19', '4', '0', '0', '0', '0', 'Vel qui eos fugit alias.', null, '2018-01-15 05:12:57', '2018-01-16 07:45:16');
INSERT INTO `topics` VALUES ('53', 'Perspiciatis et quis blanditiis labore.', 'Velit rerum maxime nulla libero ratione laboriosam asperiores blanditiis. Enim aut quidem explicabo et fuga. Praesentium eius eligendi corporis saepe nihil quia.', '14', '1', '0', '0', '0', '0', 'Perspiciatis et quis blanditiis labore.', null, '2018-01-06 16:38:49', '2018-01-08 06:24:44');
INSERT INTO `topics` VALUES ('54', 'In sunt tempore iure animi.', 'Dolorum dolorum et ab veniam totam sequi molestias explicabo. Fugiat ad quia aut nesciunt sequi ut. Ut quia aut officia sit. Nobis totam sunt sapiente quia quia saepe quia.', '13', '1', '0', '0', '0', '0', 'In sunt tempore iure animi.', null, '2018-01-07 13:15:15', '2018-01-21 11:51:26');
INSERT INTO `topics` VALUES ('55', 'Ut qui qui perspiciatis molestiae numquam.', 'Praesentium ipsum aspernatur aliquid qui. Corrupti debitis excepturi aut vitae provident natus facere laudantium. Voluptas minus qui provident est veritatis optio quae. Dicta incidunt minima enim.', '22', '1', '0', '0', '0', '0', 'Ut qui qui perspiciatis molestiae numquam.', null, '2018-01-04 00:46:11', '2018-01-22 17:39:27');
INSERT INTO `topics` VALUES ('56', 'Quaerat rem itaque optio doloribus alias.', 'Et architecto consequatur et modi rem odio. Et repudiandae at autem facere non. Temporibus quod maxime dolore et et.', '13', '4', '0', '0', '0', '0', 'Quaerat rem itaque optio doloribus alias.', null, '2018-01-05 05:50:36', '2018-01-20 10:59:02');
INSERT INTO `topics` VALUES ('57', 'Vero ratione officiis sed sit doloribus enim deserunt.', 'Nihil delectus et non quo architecto rerum incidunt quas. Autem architecto natus illo corporis ea libero perspiciatis.', '15', '1', '0', '0', '0', '0', 'Vero ratione officiis sed sit doloribus enim deserunt.', null, '2018-01-06 18:37:11', '2018-01-16 23:58:19');
INSERT INTO `topics` VALUES ('58', 'Quia error enim et voluptates quos repudiandae.', 'Ut placeat repudiandae est deserunt. Nesciunt rem id ut deserunt. Ab illum fugiat et architecto.', '14', '2', '0', '0', '0', '0', 'Quia error enim et voluptates quos repudiandae.', null, '2018-01-10 02:17:02', '2018-01-29 20:03:10');
INSERT INTO `topics` VALUES ('59', 'Et sed neque ad quis tempore delectus voluptatem aut.', 'Est est sit corrupti. Excepturi vel dolorem non repellendus. Laborum facilis praesentium molestiae.', '21', '1', '0', '0', '0', '0', 'Et sed neque ad quis tempore delectus voluptatem aut.', null, '2018-01-08 07:19:29', '2018-01-21 02:11:51');
INSERT INTO `topics` VALUES ('60', 'Repudiandae sit accusantium deserunt occaecati.', 'Beatae ea tempora veniam est. Eaque ut sint est. Accusamus earum autem praesentium dolore nobis repudiandae rerum. Quam reiciendis animi aut architecto et sunt.', '20', '4', '0', '0', '0', '0', 'Repudiandae sit accusantium deserunt occaecati.', null, '2018-01-12 19:25:41', '2018-01-18 12:59:15');
INSERT INTO `topics` VALUES ('61', 'Aut veniam itaque qui sint non aut deserunt.', 'Magni sint pariatur dolor magni. Quia blanditiis odio id et ipsam minus non. Neque quod saepe nostrum doloremque fugit. Similique rem praesentium magnam sed dolore nemo.', '14', '4', '0', '0', '0', '0', 'Aut veniam itaque qui sint non aut deserunt.', null, '2018-01-04 15:25:00', '2018-01-25 21:51:31');
INSERT INTO `topics` VALUES ('62', 'Quisquam et autem quis quia.', 'Non nobis voluptatem non quia. Voluptatem et rerum placeat. Maiores dicta dolorem ipsum eum excepturi. Non assumenda ad ipsam.', '19', '4', '0', '0', '0', '0', 'Quisquam et autem quis quia.', null, '2018-01-08 20:36:06', '2018-01-22 15:56:41');
INSERT INTO `topics` VALUES ('63', 'Atque qui tempore animi dolorem neque.', 'Neque sit est iusto aut odit suscipit. Explicabo et qui consequatur qui adipisci exercitationem laboriosam dolor. Enim ipsa architecto harum ut aut.', '15', '4', '0', '0', '0', '0', 'Atque qui tempore animi dolorem neque.', null, '2018-01-03 14:39:25', '2018-01-15 18:08:56');
INSERT INTO `topics` VALUES ('64', 'In omnis debitis ea odio sint reiciendis sed.', 'Sit saepe qui quas rerum iste aut quas. Est itaque provident tempore. Quia est a esse provident facere necessitatibus.', '13', '1', '0', '0', '0', '0', 'In omnis debitis ea odio sint reiciendis sed.', null, '2018-01-10 03:02:52', '2018-01-30 11:53:26');
INSERT INTO `topics` VALUES ('65', 'Enim nobis nesciunt recusandae et.', 'Cum sed sunt sit vero quis eos. Amet qui dolores minus rerum laboriosam totam est. Aut debitis nam vero sit. Suscipit a optio ex voluptatem dolor. Ipsam et quas qui enim.', '20', '4', '0', '0', '0', '0', 'Enim nobis nesciunt recusandae et.', null, '2018-01-09 14:04:31', '2018-01-11 15:50:09');
INSERT INTO `topics` VALUES ('66', 'Aut officia totam voluptas perspiciatis.', 'Et sunt quaerat quisquam et ea eos. Amet ipsa a odio. Consequuntur nesciunt eos officia magnam nobis similique.', '19', '2', '0', '0', '0', '0', 'Aut officia totam voluptas perspiciatis.', null, '2018-01-07 00:21:19', '2018-01-16 15:18:06');
INSERT INTO `topics` VALUES ('67', 'Sed tempore ea non enim.', 'Et beatae molestiae et ipsa in. Recusandae et voluptatibus suscipit itaque. Sed omnis eum et dolorum molestiae sed omnis cupiditate. At neque tenetur quia error quod repellat est.', '14', '1', '0', '0', '0', '0', 'Sed tempore ea non enim.', null, '2018-01-23 21:57:03', '2018-02-01 18:47:03');
INSERT INTO `topics` VALUES ('68', 'Eligendi voluptatem quis qui impedit eveniet.', 'Illum cumque aut aut voluptatum cum. Temporibus sunt repellendus libero impedit vel et delectus. Ut et neque et repellendus.', '19', '1', '0', '0', '0', '0', 'Eligendi voluptatem quis qui impedit eveniet.', null, '2018-01-11 18:53:53', '2018-01-12 23:32:47');
INSERT INTO `topics` VALUES ('69', 'Aperiam eos ducimus alias est dolorem.', 'Quia voluptas et sed ad quia quod. Quisquam in recusandae et pariatur dolor. Ab rem deleniti quo ut.', '17', '2', '0', '0', '0', '0', 'Aperiam eos ducimus alias est dolorem.', null, '2018-01-05 06:26:23', '2018-01-13 21:58:53');
INSERT INTO `topics` VALUES ('70', 'Laboriosam culpa possimus optio temporibus minima.', 'Magni harum dolores perspiciatis cumque consequuntur. Dolores doloremque harum qui at praesentium qui. Sed itaque ea cum error consequuntur eos ratione. Est doloribus aut maxime eos libero.', '18', '1', '0', '0', '0', '0', 'Laboriosam culpa possimus optio temporibus minima.', null, '2018-01-02 13:21:34', '2018-01-22 14:51:47');
INSERT INTO `topics` VALUES ('71', 'Expedita magnam impedit deserunt reiciendis.', 'Voluptatem quis voluptatibus sint ratione repellendus itaque reiciendis. Doloribus fugit sint enim consequatur voluptas enim et voluptas. Laudantium deleniti non est ex sint alias dolore.', '15', '1', '0', '0', '0', '0', 'Expedita magnam impedit deserunt reiciendis.', null, '2018-01-25 12:43:55', '2018-02-02 09:51:50');
INSERT INTO `topics` VALUES ('72', 'Illum est voluptatem iste sit facilis distinctio.', 'Porro dignissimos sint ut odio exercitationem. Nisi unde laborum quis. Deleniti dolores ut et odio deserunt. Ut delectus ut inventore ad.', '19', '4', '0', '0', '0', '0', 'Illum est voluptatem iste sit facilis distinctio.', null, '2018-01-12 07:10:32', '2018-01-14 19:01:02');
INSERT INTO `topics` VALUES ('73', 'Harum beatae eveniet consequuntur.', 'Autem aut velit et error. Qui atque dolores ducimus est. Nihil et est inventore architecto quia quaerat ab.', '21', '3', '0', '0', '0', '0', 'Harum beatae eveniet consequuntur.', null, '2018-01-19 15:51:56', '2018-01-22 11:08:31');
INSERT INTO `topics` VALUES ('74', 'Occaecati nam labore earum nostrum.', 'Vel dolorem quos sed sunt quam. Quo porro quia nisi est ut esse. Eaque necessitatibus molestiae libero in minus fugit accusamus. Officia quia labore ut. Et mollitia veniam neque.', '19', '4', '0', '0', '0', '0', 'Occaecati nam labore earum nostrum.', null, '2018-01-11 00:43:54', '2018-01-21 08:57:54');
INSERT INTO `topics` VALUES ('75', 'Similique aut minus consequatur explicabo provident officiis debitis.', 'Non ut ab dolorem pariatur placeat tenetur. Quaerat et itaque sunt tempore consectetur voluptatem maiores.', '17', '1', '0', '0', '0', '0', 'Similique aut minus consequatur explicabo provident officiis debitis.', null, '2018-01-05 15:01:19', '2018-01-13 07:19:21');
INSERT INTO `topics` VALUES ('76', 'Sed dolorem nesciunt ad omnis perferendis aspernatur dolorem.', 'Reprehenderit est nobis dicta deserunt totam ducimus. Cumque molestias beatae ullam ut ea non. Aliquam eos est eveniet iure ipsam eum iste. Suscipit et autem ut dignissimos.', '19', '4', '0', '0', '0', '0', 'Sed dolorem nesciunt ad omnis perferendis aspernatur dolorem.', null, '2018-01-12 21:02:23', '2018-01-15 00:23:03');
INSERT INTO `topics` VALUES ('77', 'Inventore aut id exercitationem.', 'Voluptas officia saepe fugiat aut. Neque ullam maxime officia et et iure. A cupiditate fugit ratione id veritatis aut maxime.', '18', '2', '0', '0', '0', '0', 'Inventore aut id exercitationem.', null, '2018-01-06 11:52:35', '2018-01-06 11:56:15');
INSERT INTO `topics` VALUES ('78', 'Sit et quam aut et.', 'Voluptas totam quae qui ut. Ex dolor facilis voluptatum optio quo minus. Accusamus sed recusandae temporibus omnis totam ipsum. Magni quidem dolorum placeat sint consequatur aut ea.', '13', '2', '0', '0', '0', '0', 'Sit et quam aut et.', null, '2018-01-06 13:54:32', '2018-01-11 06:44:47');
INSERT INTO `topics` VALUES ('79', 'Dicta deleniti ut accusantium laboriosam.', 'Culpa natus cumque sed. Minus eius nostrum amet quae cupiditate aut. Omnis pariatur iure magnam rerum consequatur.', '15', '3', '0', '0', '0', '0', 'Dicta deleniti ut accusantium laboriosam.', null, '2018-01-03 01:18:58', '2018-01-04 07:41:10');
INSERT INTO `topics` VALUES ('80', 'Aut laboriosam voluptatem ut et consequatur quisquam.', 'Dolores repellendus quas perferendis rerum molestiae. Et debitis est praesentium et. Quos qui alias beatae.', '14', '1', '0', '0', '0', '0', 'Aut laboriosam voluptatem ut et consequatur quisquam.', null, '2018-01-04 20:16:20', '2018-01-11 03:39:27');
INSERT INTO `topics` VALUES ('81', 'Officiis debitis doloremque et nostrum delectus quia.', 'Delectus atque qui vel quae quos sint sint ratione. Eos dicta voluptatum voluptatem aut fugiat labore et. Officiis velit omnis reiciendis consequatur.', '15', '1', '0', '0', '0', '0', 'Officiis debitis doloremque et nostrum delectus quia.', null, '2018-01-07 13:09:43', '2018-01-12 14:20:39');
INSERT INTO `topics` VALUES ('82', 'Quae adipisci aut magnam.', 'Inventore iste nam inventore corrupti aut maxime. Tempora laborum magnam odit consequatur harum ipsum amet. Iusto hic pariatur assumenda culpa.', '21', '4', '0', '0', '0', '0', 'Quae adipisci aut magnam.', null, '2018-01-05 05:17:27', '2018-01-10 18:57:02');
INSERT INTO `topics` VALUES ('83', 'Cumque quo maxime soluta veritatis voluptatem.', 'Dolor quod voluptates voluptatem accusantium veritatis numquam. Repellat ullam itaque rerum praesentium laudantium eveniet quos. Ullam autem numquam repellat.', '19', '4', '0', '0', '0', '0', 'Cumque quo maxime soluta veritatis voluptatem.', null, '2018-01-21 13:31:17', '2018-01-25 11:51:46');
INSERT INTO `topics` VALUES ('84', 'Dolores quis assumenda nulla quisquam error pariatur eos provident.', 'Qui enim sit non magnam harum saepe alias. Quia rem tenetur reiciendis est dolorem.', '13', '4', '0', '0', '0', '0', 'Dolores quis assumenda nulla quisquam error pariatur eos provident.', null, '2018-01-06 12:53:11', '2018-01-16 13:43:17');
INSERT INTO `topics` VALUES ('85', 'Ex soluta dolore eveniet nihil veritatis.', 'Aperiam blanditiis sed ea rerum autem voluptatem sapiente. Sit iusto molestiae iure perspiciatis dolor ipsam. Qui aperiam temporibus nostrum nam voluptatem non modi.', '19', '4', '0', '0', '0', '0', 'Ex soluta dolore eveniet nihil veritatis.', null, '2018-01-08 03:34:59', '2018-01-29 23:25:31');
INSERT INTO `topics` VALUES ('86', 'Est veritatis eum nesciunt hic aut enim laborum.', 'Laborum architecto atque sunt. Dolorum aliquid aut aliquam itaque dignissimos temporibus. Doloremque velit rerum aut rerum. Enim ullam beatae temporibus velit recusandae modi.', '13', '4', '0', '0', '0', '0', 'Est veritatis eum nesciunt hic aut enim laborum.', null, '2018-01-10 21:56:52', '2018-01-18 09:37:55');
INSERT INTO `topics` VALUES ('87', 'Iusto dicta dicta cum cumque minima doloremque officiis.', 'Enim velit cum sit dolores et voluptatibus. Tempora quisquam ut dolores explicabo voluptatem qui quia. At quibusdam quis explicabo ullam aperiam et qui.', '19', '3', '0', '0', '0', '0', 'Iusto dicta dicta cum cumque minima doloremque officiis.', null, '2018-01-04 01:19:10', '2018-01-15 05:48:53');
INSERT INTO `topics` VALUES ('88', 'Molestiae distinctio inventore culpa omnis exercitationem accusantium.', 'Vitae autem quae accusamus. Harum quas non inventore molestias ipsam. Eum voluptatem distinctio sequi eum. Asperiores voluptate recusandae fugit.', '20', '1', '0', '0', '0', '0', 'Molestiae distinctio inventore culpa omnis exercitationem accusantium.', null, '2018-01-04 02:08:13', '2018-01-08 02:55:19');
INSERT INTO `topics` VALUES ('89', 'Natus rerum possimus unde et omnis vel id.', 'Non sunt ducimus rerum eveniet quos et. Impedit sed qui ipsam aliquid quo qui. Aperiam est maiores nemo voluptatum sint. Iste et rerum dolorem soluta pariatur sit.', '18', '4', '0', '0', '0', '0', 'Natus rerum possimus unde et omnis vel id.', null, '2018-01-04 21:51:51', '2018-01-07 23:58:36');
INSERT INTO `topics` VALUES ('90', 'Voluptatem vitae in nemo voluptatem aut adipisci soluta.', 'Ab et voluptates et. Quia quidem reiciendis eveniet reprehenderit. Perferendis ut voluptas et ex saepe dolore est dolores. Beatae quia autem et minima.', '17', '2', '0', '0', '0', '0', 'Voluptatem vitae in nemo voluptatem aut adipisci soluta.', null, '2018-01-13 20:19:35', '2018-01-25 09:07:07');
INSERT INTO `topics` VALUES ('91', 'Qui aspernatur corrupti molestiae sed odio.', 'Maxime ex explicabo omnis dolor cum quis. Et ea est velit inventore minima quod molestiae vero. Aliquid perspiciatis adipisci debitis possimus reiciendis. Et dolore ullam quasi.', '17', '3', '0', '0', '0', '0', 'Qui aspernatur corrupti molestiae sed odio.', null, '2018-01-04 09:11:24', '2018-01-06 17:56:02');
INSERT INTO `topics` VALUES ('92', 'Inventore nisi architecto mollitia nostrum sit sunt.', 'Officiis corporis quos voluptates ducimus eligendi tenetur. Atque natus dignissimos voluptate nam. Quas ut autem quia. Quia eum cumque qui accusamus autem impedit.', '16', '1', '0', '0', '0', '0', 'Inventore nisi architecto mollitia nostrum sit sunt.', null, '2018-01-03 13:00:52', '2018-01-04 11:26:35');
INSERT INTO `topics` VALUES ('93', 'Soluta illum et non aperiam qui.', 'At minima ea architecto laborum sequi. Animi et harum doloremque autem eos vitae laboriosam. Perferendis eius officia quae totam rerum perferendis. Neque pariatur atque quia modi.', '16', '2', '0', '0', '0', '0', 'Soluta illum et non aperiam qui.', null, '2018-01-04 08:20:40', '2018-01-15 18:48:57');
INSERT INTO `topics` VALUES ('94', 'Sunt quasi qui ad provident libero consequuntur.', 'Nobis doloremque architecto excepturi dolor eum ad. Sed ut quo fugit nesciunt. Iste et deserunt maiores.', '15', '2', '0', '0', '0', '0', 'Sunt quasi qui ad provident libero consequuntur.', null, '2018-01-04 19:23:54', '2018-01-05 17:17:20');
INSERT INTO `topics` VALUES ('95', 'Id totam est quos aliquid iste.', 'Numquam consequatur molestiae sed id dolor. Rerum ipsa perspiciatis necessitatibus et dicta ut. Rerum corporis qui et repellendus asperiores et. Nemo sapiente omnis necessitatibus rerum fuga eum.', '13', '4', '0', '0', '0', '0', 'Id totam est quos aliquid iste.', null, '2018-01-21 01:16:24', '2018-02-01 16:01:10');
INSERT INTO `topics` VALUES ('96', 'Sapiente et repellat dolore facilis.', 'Atque in ut hic eveniet. Veritatis incidunt numquam at sint laboriosam. Soluta aliquid velit aut.', '14', '1', '0', '0', '0', '0', 'Sapiente et repellat dolore facilis.', null, '2018-01-11 11:53:04', '2018-01-14 02:21:04');
INSERT INTO `topics` VALUES ('97', 'Ipsam dolorem facere sed id.', 'Animi nostrum nihil harum sequi in architecto dolor. Dolores tenetur eos voluptatum deserunt aut. Officiis quisquam ut eum eaque praesentium dignissimos. Beatae aperiam dolorem aut aut.', '21', '2', '0', '0', '0', '0', 'Ipsam dolorem facere sed id.', null, '2018-01-05 01:38:48', '2018-01-08 06:11:41');
INSERT INTO `topics` VALUES ('98', 'Ipsam amet eveniet qui veniam quam maxime id soluta.', 'Perspiciatis et tempora eum impedit. Consequuntur perferendis soluta velit praesentium totam. Vero hic nemo sunt harum qui. Eos autem laborum repudiandae odio id sed.', '19', '2', '0', '0', '0', '0', 'Ipsam amet eveniet qui veniam quam maxime id soluta.', null, '2018-01-17 14:37:16', '2018-01-27 08:40:46');
INSERT INTO `topics` VALUES ('99', 'Cumque consectetur exercitationem omnis omnis tempore.', 'Et est molestiae voluptates dolor quaerat. Atque aut itaque debitis nemo. Molestiae incidunt ut cupiditate molestiae dolores beatae placeat.', '18', '3', '0', '0', '0', '0', 'Cumque consectetur exercitationem omnis omnis tempore.', null, '2018-01-02 13:58:48', '2018-01-09 17:26:23');
INSERT INTO `topics` VALUES ('100', 'Tempore voluptatem sed necessitatibus saepe natus voluptas debitis.', 'Repudiandae excepturi odit numquam. Est est deserunt totam recusandae officia vel fugiat. Voluptatum rerum hic exercitationem adipisci reprehenderit quia eum.', '19', '1', '0', '0', '0', '0', 'Tempore voluptatem sed necessitatibus saepe natus voluptas debitis.', null, '2018-01-07 01:03:41', '2018-01-21 04:52:13');
INSERT INTO `topics` VALUES ('101', 'Auth::id();', 'Auth::id();', '13', '4', '0', '0', '0', '0', 'Auth::id();', null, '2018-02-02 18:08:19', '2018-02-02 18:08:58');
INSERT INTO `topics` VALUES ('102', '新建话题', '<p><img src=\"http://bbs.test/uploads/images/topics/201802/03//13_1517627993_XwKMGTMHVt.png\"><br></p>', '13', '2', '0', '0', '0', '0', '', null, '2018-02-03 11:20:10', '2018-02-03 11:21:58');

-- ----------------------------
-- Table structure for users
-- ----------------------------
DROP TABLE IF EXISTS `users`;
CREATE TABLE `users` (
  `id` int(10) unsigned NOT NULL AUTO_INCREMENT,
  `name` varchar(255) COLLATE utf8mb4_unicode_ci NOT NULL,
  `email` varchar(255) COLLATE utf8mb4_unicode_ci NOT NULL,
  `password` varchar(255) COLLATE utf8mb4_unicode_ci NOT NULL,
  `remember_token` varchar(100) COLLATE utf8mb4_unicode_ci DEFAULT NULL,
  `created_at` timestamp NULL DEFAULT NULL,
  `updated_at` timestamp NULL DEFAULT NULL,
  `avatar` varchar(255) COLLATE utf8mb4_unicode_ci DEFAULT NULL,
  `introduction` varchar(255) COLLATE utf8mb4_unicode_ci DEFAULT NULL,
  `notification_count` int(10) unsigned NOT NULL DEFAULT '0',
  `last_actived_at` timestamp NULL DEFAULT NULL,
  PRIMARY KEY (`id`),
  UNIQUE KEY `users_email_unique` (`email`)
) ENGINE=InnoDB AUTO_INCREMENT=61 DEFAULT CHARSET=utf8mb4 COLLATE=utf8mb4_unicode_ci;

-- ----------------------------
-- Records of users
-- ----------------------------
INSERT INTO `users` VALUES ('1', 'to', 'to@qq.com', '$2y$10$7tbzTh9hvc3jlnJQq.zTVuG.sMIekW1nZntc4FYBzrE5Zr24kMlBm', 'mPgMnCM3vOV3UsYICiuX7kZmrRKEkGuc9wQ7sr7845wq0oEXstZG6xnd8USg', '2018-02-07 17:42:36', '2018-02-07 18:57:46', 'https://fsdhubcdn.phphub.org/uploads/images/201710/14/1/ZqM7iaP4CR.png?imageView2/1/w/200/h/200', 'Est autem possimus repellendus labore laudantium.', '0', null);
INSERT INTO `users` VALUES ('13', 'totoro', 'zay@qq.com', '$2y$10$Os0uwvtPQK7MpDSGDE8wWesDu4weK.2piBlrCHfmtyrxXdJxPExWq', 'j47mXZmbK6n8ky4cpPbtdZLzf4MYHCgL5zBna0RaGhS0ywHroALkhEyCnhgx', '2018-02-02 11:55:18', '2018-02-08 16:56:21', 'http://bbs.test/uploads/images/avatar/201802/02//13_1517562289_MbvigydPUB.png', 'Quibusdam voluptas ducimus omnis cumque eum perferendis quia.', '0', '2018-02-08 16:21:41');
INSERT INTO `users` VALUES ('14', 'gly', 'zay2@qq.com', '$2y$10$Os0uwvtPQK7MpDSGDE8wWesDu4weK.2piBlrCHfmtyrxXdJxPExWq', 'wmBfivNUZhs30GDAgfRdqstsxwkicEgunZAw7kMaFK8dwujPlwXE3QhfU2SV', '2018-02-02 11:55:18', '2018-02-06 16:53:22', 'http://bbs.test/uploads/images/avatar/201802/02//13_1517562289_MbvigydPUB.png', 'In ipsam voluptatibus magnam architecto.', '0', null);
INSERT INTO `users` VALUES ('15', 'Magdalena Lindgren I', 'oreilly.adah@example.com', '$2y$10$Os0uwvtPQK7MpDSGDE8wWesDu4weK.2piBlrCHfmtyrxXdJxPExWq', 'S1Rl1vWAff', '2018-02-02 11:55:18', '2018-02-02 11:55:18', 'http://bbs.test/uploads/images/avatar/201802/02//13_1517562289_MbvigydPUB.png', 'Quos corrupti dolor qui similique.', '0', null);
INSERT INTO `users` VALUES ('16', 'Johnathon Metz', 'lkautzer@example.net', '$2y$10$Os0uwvtPQK7MpDSGDE8wWesDu4weK.2piBlrCHfmtyrxXdJxPExWq', 'GtVIeCoHnv', '2018-02-02 11:55:18', '2018-02-02 11:55:18', 'http://bbs.test/uploads/images/avatar/201802/02//13_1517562289_MbvigydPUB.png', 'Officiis repudiandae libero illo id.', '0', null);
INSERT INTO `users` VALUES ('17', 'Norma Toy', 'jschumm@example.com', '$2y$10$Os0uwvtPQK7MpDSGDE8wWesDu4weK.2piBlrCHfmtyrxXdJxPExWq', 'o728CHzChG', '2018-02-02 11:55:18', '2018-02-02 11:55:18', 'http://bbs.test/uploads/images/avatar/201802/02//13_1517562289_MbvigydPUB.png', 'Nam autem eos officiis dolor.', '0', null);
INSERT INTO `users` VALUES ('18', 'Dr. Louisa Leffler', 'lilly.christiansen@example.net', '$2y$10$Os0uwvtPQK7MpDSGDE8wWesDu4weK.2piBlrCHfmtyrxXdJxPExWq', '6MRU9vTLoO', '2018-02-02 11:55:18', '2018-02-02 11:55:18', 'http://bbs.test/uploads/images/avatar/201802/02//13_1517562289_MbvigydPUB.png', 'Est sequi voluptatem sed ex nesciunt.', '0', null);
INSERT INTO `users` VALUES ('19', 'Angelita McGlynn', 'zoie29@example.org', '$2y$10$Os0uwvtPQK7MpDSGDE8wWesDu4weK.2piBlrCHfmtyrxXdJxPExWq', 'W66qIjOO1x', '2018-02-02 11:55:18', '2018-02-02 11:55:18', 'http://bbs.test/uploads/images/avatar/201802/02//13_1517562289_MbvigydPUB.png', 'Soluta dolores suscipit nisi maiores qui voluptatum.', '0', null);
INSERT INTO `users` VALUES ('20', 'Rosendo O\'Conner', 'hjones@example.org', '$2y$10$Os0uwvtPQK7MpDSGDE8wWesDu4weK.2piBlrCHfmtyrxXdJxPExWq', 'bIHUPN6MjU', '2018-02-02 11:55:18', '2018-02-07 12:12:31', 'http://bbs.test/uploads/images/avatar/201802/02//13_1517562289_MbvigydPUB.png', 'Dolorem in qui voluptates ratione qui a rerum.', '4', null);
INSERT INTO `users` VALUES ('21', 'Ms. Aditya Ebert', 'tvandervort@example.com', '$2y$10$Os0uwvtPQK7MpDSGDE8wWesDu4weK.2piBlrCHfmtyrxXdJxPExWq', 'ZymKr24Kda', '2018-02-02 11:55:18', '2018-02-02 11:55:18', 'http://bbs.test/uploads/images/avatar/201802/02//13_1517562289_MbvigydPUB.png', 'At quia corrupti tempore eaque illo iusto.', '0', null);
INSERT INTO `users` VALUES ('22', 'Luciano Koch V', 'dbeier@example.net', '$2y$10$Os0uwvtPQK7MpDSGDE8wWesDu4weK.2piBlrCHfmtyrxXdJxPExWq', '85bh6OS03V', '2018-02-02 11:55:18', '2018-02-02 11:55:18', 'http://bbs.test/uploads/images/avatar/201802/02//13_1517562289_MbvigydPUB.png', 'Earum est facilis qui cum dolores laudantium.', '0', null);
INSERT INTO `users` VALUES ('23', 'Dr. Isobel Weber DDS', 'rice.asia@example.com', '$2y$10$EYA3l14YWHoNOu1fGG7lgux175ZGtuy7pIl59vcKzFH0BJ7vCiGu.', '37HWOlfJ4I', '2018-02-05 12:47:44', '2018-02-05 12:47:44', 'https://fsdhubcdn.phphub.org/uploads/images/201710/14/1/ZqM7iaP4CR.png?imageView2/1/w/200/h/200', 'Consequatur consequuntur quos sit vero.', '0', null);
INSERT INTO `users` VALUES ('24', 'Torey Mohr', 'kutch.arlene@example.com', '$2y$10$EYA3l14YWHoNOu1fGG7lgux175ZGtuy7pIl59vcKzFH0BJ7vCiGu.', 'O8JdyKVZmJ', '2018-02-05 12:47:44', '2018-02-05 12:47:44', 'https://fsdhubcdn.phphub.org/uploads/images/201710/14/1/Lhd1SHqu86.png?imageView2/1/w/200/h/200', 'Facilis possimus veritatis et et consequatur.', '0', null);
INSERT INTO `users` VALUES ('25', 'Miss Lelah Gleason IV', 'august54@example.net', '$2y$10$EYA3l14YWHoNOu1fGG7lgux175ZGtuy7pIl59vcKzFH0BJ7vCiGu.', 'cdSHKCbMY4', '2018-02-05 12:47:44', '2018-02-05 12:47:44', 'https://fsdhubcdn.phphub.org/uploads/images/201710/14/1/NDnzMutoxX.png?imageView2/1/w/200/h/200', 'Eum delectus quas mollitia.', '0', null);
INSERT INTO `users` VALUES ('26', 'Ewell Gerhold', 'lexie.becker@example.com', '$2y$10$EYA3l14YWHoNOu1fGG7lgux175ZGtuy7pIl59vcKzFH0BJ7vCiGu.', 'VTuVaNLAbp', '2018-02-05 12:47:44', '2018-02-05 12:47:44', 'https://fsdhubcdn.phphub.org/uploads/images/201710/14/1/s5ehp11z6s.png?imageView2/1/w/200/h/200', 'Voluptatem omnis ut temporibus sequi.', '0', null);
INSERT INTO `users` VALUES ('27', 'Elliot Bechtelar', 'davon.upton@example.com', '$2y$10$EYA3l14YWHoNOu1fGG7lgux175ZGtuy7pIl59vcKzFH0BJ7vCiGu.', '8ouAJQCztT', '2018-02-05 12:47:44', '2018-02-05 12:47:44', 'https://fsdhubcdn.phphub.org/uploads/images/201710/14/1/Lhd1SHqu86.png?imageView2/1/w/200/h/200', 'Quod ea cupiditate assumenda corrupti.', '0', null);
INSERT INTO `users` VALUES ('28', 'Prof. Angus Hammes Sr.', 'braden.krajcik@example.com', '$2y$10$ePHPEEx/htteSf1irlE3Aez7EvhCljLNhL67CiMdI0ny3hZOPtEHW', 'AfcSudUoqG', '2018-02-05 12:48:11', '2018-02-05 12:48:11', 'https://fsdhubcdn.phphub.org/uploads/images/201710/14/1/s5ehp11z6s.png?imageView2/1/w/200/h/200', 'Eveniet ratione inventore amet et vero nam sequi.', '0', null);
INSERT INTO `users` VALUES ('29', 'Ernest Pollich', 'karianne94@example.com', '$2y$10$ePHPEEx/htteSf1irlE3Aez7EvhCljLNhL67CiMdI0ny3hZOPtEHW', 'lxW4PyTS6v', '2018-02-05 12:48:11', '2018-02-05 12:48:11', 'https://fsdhubcdn.phphub.org/uploads/images/201710/14/1/xAuDMxteQy.png?imageView2/1/w/200/h/200', 'Nemo nisi expedita porro quasi similique sit.', '0', null);
INSERT INTO `users` VALUES ('30', 'Mrs. Sylvia Collier MD', 'kirstin30@example.net', '$2y$10$ePHPEEx/htteSf1irlE3Aez7EvhCljLNhL67CiMdI0ny3hZOPtEHW', 'ZvBzkam047', '2018-02-05 12:48:11', '2018-02-05 12:48:11', 'https://fsdhubcdn.phphub.org/uploads/images/201710/14/1/LOnMrqbHJn.png?imageView2/1/w/200/h/200', 'Nostrum error esse cupiditate ipsum qui natus sint quia.', '0', null);
INSERT INTO `users` VALUES ('31', 'Prof. Ova Beer I', 'lane.runolfsdottir@example.com', '$2y$10$ePHPEEx/htteSf1irlE3Aez7EvhCljLNhL67CiMdI0ny3hZOPtEHW', 'sVspSd0JFN', '2018-02-05 12:48:11', '2018-02-05 12:48:11', 'https://fsdhubcdn.phphub.org/uploads/images/201710/14/1/s5ehp11z6s.png?imageView2/1/w/200/h/200', 'Ut aut et rerum accusamus.', '0', null);
INSERT INTO `users` VALUES ('32', 'Chloe Feest MD', 'freeda.kunde@example.com', '$2y$10$ePHPEEx/htteSf1irlE3Aez7EvhCljLNhL67CiMdI0ny3hZOPtEHW', 'TobwCuJhhx', '2018-02-05 12:48:11', '2018-02-05 12:48:11', 'https://fsdhubcdn.phphub.org/uploads/images/201710/14/1/xAuDMxteQy.png?imageView2/1/w/200/h/200', 'Vitae quod vel voluptas et.', '0', null);
INSERT INTO `users` VALUES ('33', 'Robbie Jones', 'eleonore59@example.com', '$2y$10$Fay5yY5Q/ZHXigxkIwbIHOV7OmsWbBsaUfjkxxe3fyUmKRsy9XPrq', 'ewJRArqnxM', '2018-02-07 15:46:33', '2018-02-07 15:46:33', 'https://fsdhubcdn.phphub.org/uploads/images/201710/14/1/NDnzMutoxX.png?imageView2/1/w/200/h/200', 'Tempore et eaque rem recusandae exercitationem.', '0', null);
INSERT INTO `users` VALUES ('34', 'Demarcus Goodwin DDS', 'rklein@example.net', '$2y$10$Fay5yY5Q/ZHXigxkIwbIHOV7OmsWbBsaUfjkxxe3fyUmKRsy9XPrq', 'umD4yl3gwy', '2018-02-07 15:46:34', '2018-02-07 15:46:34', 'https://fsdhubcdn.phphub.org/uploads/images/201710/14/1/LOnMrqbHJn.png?imageView2/1/w/200/h/200', 'Perspiciatis modi voluptatum quibusdam facilis debitis voluptas sequi.', '0', null);
INSERT INTO `users` VALUES ('35', 'Pasquale Kshlerin', 'moen.newton@example.com', '$2y$10$JEvz/Kh3Wf6nI0qxBviE1uCxkWFrjQ/d9IH7X0w3XqV3KQ8GW4ZIi', 'wMsok6lRnV', '2018-02-07 15:47:19', '2018-02-07 15:47:19', 'https://fsdhubcdn.phphub.org/uploads/images/201710/14/1/Lhd1SHqu86.png?imageView2/1/w/200/h/200', 'Est fuga neque voluptatem aut.', '0', null);
INSERT INTO `users` VALUES ('36', 'Halie Frami III', 'nathanial.funk@example.net', '$2y$10$JEvz/Kh3Wf6nI0qxBviE1uCxkWFrjQ/d9IH7X0w3XqV3KQ8GW4ZIi', 'fwig7Yjvnj', '2018-02-07 15:47:19', '2018-02-07 15:47:19', 'https://fsdhubcdn.phphub.org/uploads/images/201710/14/1/xAuDMxteQy.png?imageView2/1/w/200/h/200', 'Repellendus at autem ut nihil et eligendi harum eum.', '0', null);
INSERT INTO `users` VALUES ('37', 'Dr. Brenden Witting', 'wmiller@example.com', '$2y$10$4zV.fBPBN0vYC7rmycXleeCUU4KZjSJxVM.Lgor5FfWVSv1WGFEPK', '5EQirbfsnP', '2018-02-07 15:49:04', '2018-02-07 15:49:04', 'https://fsdhubcdn.phphub.org/uploads/images/201710/14/1/Lhd1SHqu86.png?imageView2/1/w/200/h/200', 'Quos quasi officiis ut minus.', '0', null);
INSERT INTO `users` VALUES ('38', 'Cristobal Wisoky', 'jerde.jasmin@example.net', '$2y$10$4zV.fBPBN0vYC7rmycXleeCUU4KZjSJxVM.Lgor5FfWVSv1WGFEPK', 'h26zb8yujv', '2018-02-07 15:49:04', '2018-02-07 15:49:04', 'https://fsdhubcdn.phphub.org/uploads/images/201710/14/1/xAuDMxteQy.png?imageView2/1/w/200/h/200', 'Veniam alias error sunt quod porro vitae nam.', '0', null);
INSERT INTO `users` VALUES ('39', 'Mr. Jon Weber', 'eula74@example.net', '$2y$10$ADOWiVTN3P8i9YsXvs59f..0LbRfAQeAcOd5/2FsLDZI2H1/Epn1C', 'gkRcmVb3A2', '2018-02-07 15:50:50', '2018-02-07 15:50:50', 'https://fsdhubcdn.phphub.org/uploads/images/201710/14/1/NDnzMutoxX.png?imageView2/1/w/200/h/200', 'Suscipit recusandae consequatur ut dolores.', '0', null);
INSERT INTO `users` VALUES ('40', 'Dr. Geovanny Kozey DVM', 'parisian.easton@example.com', '$2y$10$ADOWiVTN3P8i9YsXvs59f..0LbRfAQeAcOd5/2FsLDZI2H1/Epn1C', '2rmqorppGq', '2018-02-07 15:50:50', '2018-02-07 15:50:50', 'https://fsdhubcdn.phphub.org/uploads/images/201710/14/1/ZqM7iaP4CR.png?imageView2/1/w/200/h/200', 'Quae ut dolore necessitatibus soluta.', '0', null);
INSERT INTO `users` VALUES ('41', 'Annie Kshlerin', 'mueller.keanu@example.com', '$2y$10$EZny5/xMcuH5Ib4obSej0.5T9ThW7KGw7AN8ZOCz0S5pX5z1id0P2', 'hwGgyo9z2K', '2018-02-07 15:54:51', '2018-02-07 15:54:51', 'https://fsdhubcdn.phphub.org/uploads/images/201710/14/1/ZqM7iaP4CR.png?imageView2/1/w/200/h/200', 'Iste qui excepturi commodi molestiae maxime omnis.', '0', null);
INSERT INTO `users` VALUES ('42', 'Geoffrey Stoltenberg', 'chanelle87@example.net', '$2y$10$EZny5/xMcuH5Ib4obSej0.5T9ThW7KGw7AN8ZOCz0S5pX5z1id0P2', '6q8D1ygUSf', '2018-02-07 15:54:51', '2018-02-07 15:54:51', 'https://fsdhubcdn.phphub.org/uploads/images/201710/14/1/Lhd1SHqu86.png?imageView2/1/w/200/h/200', 'Nesciunt voluptatem nostrum mollitia totam deserunt.', '0', null);
INSERT INTO `users` VALUES ('43', 'Elta Gusikowski', 'haleigh.ernser@example.net', '$2y$10$EZny5/xMcuH5Ib4obSej0.5T9ThW7KGw7AN8ZOCz0S5pX5z1id0P2', 'EXvD1PaioM', '2018-02-07 15:54:51', '2018-02-07 15:54:51', 'https://fsdhubcdn.phphub.org/uploads/images/201710/14/1/NDnzMutoxX.png?imageView2/1/w/200/h/200', 'Qui qui est quisquam et eos iure ullam.', '0', null);
INSERT INTO `users` VALUES ('44', 'Eula Purdy', 'max.feeney@example.net', '$2y$10$EZny5/xMcuH5Ib4obSej0.5T9ThW7KGw7AN8ZOCz0S5pX5z1id0P2', 'rov8cdiVpP', '2018-02-07 15:54:51', '2018-02-07 15:54:51', 'https://fsdhubcdn.phphub.org/uploads/images/201710/14/1/xAuDMxteQy.png?imageView2/1/w/200/h/200', 'Dolorum aut molestiae laborum illo.', '0', null);
INSERT INTO `users` VALUES ('45', 'Leonardo Weber', 'abigayle85@example.com', '$2y$10$EZny5/xMcuH5Ib4obSej0.5T9ThW7KGw7AN8ZOCz0S5pX5z1id0P2', 'AZoHoGjcEX', '2018-02-07 15:54:51', '2018-02-07 15:54:51', 'https://fsdhubcdn.phphub.org/uploads/images/201710/14/1/LOnMrqbHJn.png?imageView2/1/w/200/h/200', 'Aliquid culpa illo voluptatem qui explicabo vel similique.', '0', null);
INSERT INTO `users` VALUES ('46', 'Vernon Pfeffer', 'shad72@example.com', '$2y$10$EZny5/xMcuH5Ib4obSej0.5T9ThW7KGw7AN8ZOCz0S5pX5z1id0P2', 'VNl9FyVxkR', '2018-02-07 15:54:51', '2018-02-07 15:54:51', 'https://fsdhubcdn.phphub.org/uploads/images/201710/14/1/ZqM7iaP4CR.png?imageView2/1/w/200/h/200', 'Alias quis quibusdam ducimus sint quia.', '0', null);
INSERT INTO `users` VALUES ('47', 'Dr. Dora Bogan', 'jswift@example.org', '$2y$10$EZny5/xMcuH5Ib4obSej0.5T9ThW7KGw7AN8ZOCz0S5pX5z1id0P2', '7gKgwNbxSv', '2018-02-07 15:54:51', '2018-02-07 15:54:51', 'https://fsdhubcdn.phphub.org/uploads/images/201710/14/1/xAuDMxteQy.png?imageView2/1/w/200/h/200', 'At veritatis excepturi officiis cupiditate.', '0', null);
INSERT INTO `users` VALUES ('48', 'Jed Bednar', 'danial.gleichner@example.net', '$2y$10$EZny5/xMcuH5Ib4obSej0.5T9ThW7KGw7AN8ZOCz0S5pX5z1id0P2', '8TqS64dvd0', '2018-02-07 15:54:51', '2018-02-07 15:54:51', 'https://fsdhubcdn.phphub.org/uploads/images/201710/14/1/s5ehp11z6s.png?imageView2/1/w/200/h/200', 'Aut nobis odio tempore perferendis velit exercitationem.', '0', null);
INSERT INTO `users` VALUES ('49', 'Mr. Braden Bayer V', 'aurelie.homenick@example.org', '$2y$10$EZny5/xMcuH5Ib4obSej0.5T9ThW7KGw7AN8ZOCz0S5pX5z1id0P2', 'Lxep9y2N8n', '2018-02-07 15:54:51', '2018-02-07 15:54:51', 'https://fsdhubcdn.phphub.org/uploads/images/201710/14/1/ZqM7iaP4CR.png?imageView2/1/w/200/h/200', 'Odio exercitationem ullam quidem nam est laborum in.', '0', null);
INSERT INTO `users` VALUES ('50', 'Miss Katharina Prohaska II', 'eboyle@example.org', '$2y$10$EZny5/xMcuH5Ib4obSej0.5T9ThW7KGw7AN8ZOCz0S5pX5z1id0P2', 'uskelNe5on', '2018-02-07 15:54:51', '2018-02-07 15:54:51', 'https://fsdhubcdn.phphub.org/uploads/images/201710/14/1/xAuDMxteQy.png?imageView2/1/w/200/h/200', 'Eligendi totam minima quia animi natus.', '0', null);
INSERT INTO `users` VALUES ('51', 'Josephine Lowe II', 'jamal.hand@example.com', '$2y$10$9tUyej3ildT00UPKxR0LquojXMsf7wWgu3VNPGdPxMTDKe/sQxueO', 't3t6AO6o9e', '2018-02-07 16:06:06', '2018-02-07 16:06:06', 'https://fsdhubcdn.phphub.org/uploads/images/201710/14/1/LOnMrqbHJn.png?imageView2/1/w/200/h/200', 'Officia et rerum eum ab.', '0', null);
INSERT INTO `users` VALUES ('52', 'Cecelia Greenholt', 'dschmitt@example.net', '$2y$10$9tUyej3ildT00UPKxR0LquojXMsf7wWgu3VNPGdPxMTDKe/sQxueO', 'Jit5uwqJzB', '2018-02-07 16:06:06', '2018-02-07 16:06:06', 'https://fsdhubcdn.phphub.org/uploads/images/201710/14/1/Lhd1SHqu86.png?imageView2/1/w/200/h/200', 'Voluptatum id quod fugit rerum itaque consequatur deleniti est.', '0', null);
INSERT INTO `users` VALUES ('53', 'Angelo Hettinger MD', 'luettgen.christop@example.com', '$2y$10$9tUyej3ildT00UPKxR0LquojXMsf7wWgu3VNPGdPxMTDKe/sQxueO', 'DeO0Pxqlvy', '2018-02-07 16:06:06', '2018-02-07 16:06:06', 'https://fsdhubcdn.phphub.org/uploads/images/201710/14/1/Lhd1SHqu86.png?imageView2/1/w/200/h/200', 'Occaecati voluptates dolor est.', '0', null);
INSERT INTO `users` VALUES ('54', 'Santina Considine', 'rwhite@example.org', '$2y$10$9tUyej3ildT00UPKxR0LquojXMsf7wWgu3VNPGdPxMTDKe/sQxueO', 'GsosTT2Rv6', '2018-02-07 16:06:06', '2018-02-07 16:06:06', 'https://fsdhubcdn.phphub.org/uploads/images/201710/14/1/LOnMrqbHJn.png?imageView2/1/w/200/h/200', 'Hic laborum molestias voluptatem veniam accusamus placeat sapiente.', '0', null);
INSERT INTO `users` VALUES ('55', 'Nash Pagac DDS', 'vanessa.green@example.com', '$2y$10$9tUyej3ildT00UPKxR0LquojXMsf7wWgu3VNPGdPxMTDKe/sQxueO', 'iQcNkFcHWX', '2018-02-07 16:06:06', '2018-02-07 16:06:06', 'https://fsdhubcdn.phphub.org/uploads/images/201710/14/1/xAuDMxteQy.png?imageView2/1/w/200/h/200', 'Esse iste sed deserunt sit fugiat culpa corrupti.', '0', null);
INSERT INTO `users` VALUES ('56', 'Miss Joyce Bruen Jr.', 'rice.bonnie@example.com', '$2y$10$9tUyej3ildT00UPKxR0LquojXMsf7wWgu3VNPGdPxMTDKe/sQxueO', 'xWdXzN5FxZ', '2018-02-07 16:06:06', '2018-02-07 16:06:06', 'https://fsdhubcdn.phphub.org/uploads/images/201710/14/1/LOnMrqbHJn.png?imageView2/1/w/200/h/200', 'Dolor voluptatem sit expedita deserunt.', '0', null);
INSERT INTO `users` VALUES ('57', 'Ariel Schumm', 'schmeler.jazmyne@example.org', '$2y$10$9tUyej3ildT00UPKxR0LquojXMsf7wWgu3VNPGdPxMTDKe/sQxueO', 'MOGKDpN1rL', '2018-02-07 16:06:06', '2018-02-07 16:06:06', 'https://fsdhubcdn.phphub.org/uploads/images/201710/14/1/s5ehp11z6s.png?imageView2/1/w/200/h/200', 'Eius accusamus molestiae unde iste in recusandae ratione.', '0', null);
INSERT INTO `users` VALUES ('58', 'Mafalda Lakin', 'abdul.little@example.net', '$2y$10$9tUyej3ildT00UPKxR0LquojXMsf7wWgu3VNPGdPxMTDKe/sQxueO', '66z2liQzwX', '2018-02-07 16:06:06', '2018-02-07 16:06:06', 'https://fsdhubcdn.phphub.org/uploads/images/201710/14/1/xAuDMxteQy.png?imageView2/1/w/200/h/200', 'Eum voluptas sed omnis in.', '0', null);
INSERT INTO `users` VALUES ('59', 'Birdie Beier Jr.', 'kaia.schinner@example.net', '$2y$10$9tUyej3ildT00UPKxR0LquojXMsf7wWgu3VNPGdPxMTDKe/sQxueO', '8Gcc7DQCHV', '2018-02-07 16:06:06', '2018-02-07 16:06:06', 'https://fsdhubcdn.phphub.org/uploads/images/201710/14/1/xAuDMxteQy.png?imageView2/1/w/200/h/200', 'Voluptas voluptatem et ut eos rem a.', '0', null);
INSERT INTO `users` VALUES ('60', 'Myrtis Hane', 'kovacek.shaylee@example.org', '$2y$10$9tUyej3ildT00UPKxR0LquojXMsf7wWgu3VNPGdPxMTDKe/sQxueO', 'rZIqCM19OC', '2018-02-07 16:06:06', '2018-02-07 16:06:06', 'https://fsdhubcdn.phphub.org/uploads/images/201710/14/1/ZqM7iaP4CR.png?imageView2/1/w/200/h/200', 'Est autem possimus repellendus labore laudantium.', '0', null);
